,date,status,id_HomeTeam,id_AwayTeam,homeTeam,AwayTeam,prediction_egalité,prediction_homeTeam_victory,prediction_awayTeam_victory,match_state
1075,2020-06-28,FINISHED,88,90,Levante UD,Real Betis Balompié,21.839728951454163,26.766538619995117,51.39373540878296,2
1078,2020-06-28,FINISHED,80,86,RCD Espanyol de Barcelona,Real Madrid CF,25.03792941570282,36.402854323387146,38.55921924114227,2
1077,2020-06-28,FINISHED,83,278,Granada CF,SD Eibar,24.18714463710785,55.394697189331055,20.418161153793335,1
1978,2020-06-29,FINISHED,507,503,FC Paços de Ferreira,FC Porto,20.931996405124664,22.46885895729065,56.59914016723633,2
1977,2020-06-29,FINISHED,5575,1903,CS Marítimo,Sport Lisboa e Benfica,20.11285126209259,21.62105143070221,58.26609134674072,2
1976,2020-06-29,FINISHED,5544,583,CD Aves,Moreirense FC,32.16440677642822,37.96205520629883,29.87353503704071,1
692,2020-06-29,FINISHED,354,328,Crystal Palace FC,Burnley FC,28.41714918613434,47.0173180103302,24.565529823303223,1
1079,2020-06-29,FINISHED,82,92,Getafe CF,Real Sociedad de Fútbol,26.08700692653656,49.84777569770813,24.065212905406952,1
1421,2020-06-30,FINISHED,107,109,Genoa CFC,Juventus FC,16.613204777240753,16.715288162231445,66.67150259017944,2
1420,2020-06-30,FINISHED,586,110,Torino FC,SS Lazio,23.835183680057526,30.05615770816803,46.1086630821228,2
1081,2020-06-30,FINISHED,745,559,CD Leganés,Sevilla FC,22.080670297145844,26.33701264858246,51.58231854438782,2
1080,2020-06-30,FINISHED,89,558,RCD Mallorca,RC Celta de Vigo,29.48663830757141,36.55209541320801,33.96126925945282,1
1980,2020-06-30,FINISHED,5543,5620,Vitória SC,Vitória FC,30.950424075126648,42.9040253162384,26.145553588867188,1
1979,2020-06-30,FINISHED,5531,5601,FC Famalicão,Portimonense SC,29.5987606048584,48.81278574466705,21.58845365047455,1
1082,2020-06-30,FINISHED,81,78,FC Barcelona,Club Atlético de Madrid,15.351922810077667,76.47528648376465,8.172792941331863,1
1981,2020-06-30,FINISHED,496,5613,Rio Ave FC,Sporting Clube de Braga,24.20724332332611,26.387056708335876,49.40570294857025,2
693,2020-06-30,FINISHED,397,66,Brighton & Hove Albion FC,Manchester United FC,20.607702434062958,23.01308810710907,56.37921690940857,2
1427,2020-07-01,FINISHED,5890,584,US Lecce,UC Sampdoria,31.630977988243103,38.376328349113464,29.99269962310791,1
1085,2020-07-01,FINISHED,90,94,Real Betis Balompié,Villarreal CF,16.216999292373657,74.50761198997498,9.27538126707077,1
1982,2020-07-01,FINISHED,5568,1049,Os Belenenses Futebol,CD Tondela,32.85985589027405,39.21253681182861,27.92760729789734,1
1983,2020-07-01,FINISHED,498,5533,Sporting Clube de Portugal,Gil Vicente FC,14.807845652103424,76.71533823013306,8.476827293634415,1
1425,2020-07-01,FINISHED,450,112,Hellas Verona FC,Parma Calcio 1913,31.40030801296234,38.761672377586365,29.838019609451294,1
1426,2020-07-01,FINISHED,1107,98,SPAL 2013,AC Milan,28.014683723449707,33.518409729003906,38.46690356731415,2
1424,2020-07-01,FINISHED,99,471,ACF Fiorentina,US Sassuolo Calcio,31.854665279388428,40.37638008594513,27.76896059513092,1
1084,2020-07-01,FINISHED,263,83,Deportivo Alavés,Granada CF,28.994575142860413,39.24646973609924,31.758961081504822,1
1422,2020-07-01,FINISHED,108,449,FC Internazionale Milano,Brescia Calcio,8.900199085474014,87.59127855300903,3.5085249692201614,1
1083,2020-07-01,FINISHED,95,77,Valencia CF,Athletic Club,25.881841778755188,50.55091977119446,23.56722801923752,1
697,2020-07-01,FINISHED,563,61,West Ham United FC,Chelsea FC,18.118715286254883,19.11093443632126,62.77035474777222,2
1423,2020-07-01,FINISHED,103,104,Bologna FC 1909,Cagliari Calcio,25.409486889839172,53.87222766876221,20.71828991174698,1
695,2020-07-01,FINISHED,62,338,Everton FC,Leicester City FC,28.320759534835815,38.94810676574707,32.731133699417114,1
694,2020-07-01,FINISHED,57,68,Arsenal FC,Norwich City FC,10.109440237283707,85.5325996875763,4.357966780662537,1
696,2020-07-01,FINISHED,1044,67,AFC Bournemouth,Newcastle United FC,29.890140891075134,37.018078565597534,33.09177756309509,1
1086,2020-07-01,FINISHED,250,88,Real Valladolid CF,Levante UD,29.458731412887573,41.9911652803421,28.550097346305847,1
1429,2020-07-02,FINISHED,100,115,AS Roma,Udinese Calcio,15.60131460428238,75.38182735443115,9.01685357093811,1
1428,2020-07-02,FINISHED,102,113,Atalanta BC,SSC Napoli,25.215962529182434,52.732133865356445,22.051899135112762,1
698,2020-07-02,FINISHED,356,73,Sheffield United FC,Tottenham Hotspur FC,24.012653529644012,30.483299493789673,45.504045486450195,2
699,2020-07-02,FINISHED,65,64,Manchester City FC,Liverpool FC,23.78930300474167,36.11055910587311,40.10014235973358,2
1088,2020-07-02,FINISHED,278,79,SD Eibar,CA Osasuna,27.639466524124146,49.3168443441391,23.043687641620636,1
1087,2020-07-02,FINISHED,92,80,Real Sociedad de Fútbol,RCD Espanyol de Barcelona,23.878327012062073,56.61022067070007,19.511456787586212,1
1089,2020-07-02,FINISHED,86,82,Real Madrid CF,Getafe CF,24.225644767284393,55.800992250442505,19.973360002040863,1
1984,2020-07-03,FINISHED,5530,5575,CD Santa Clara,CS Marítimo,24.18864071369171,57.282596826553345,18.528756499290466,1
1090,2020-07-03,FINISHED,78,89,Club Atlético de Madrid,RCD Mallorca,8.419181406497955,88.38954567909241,3.191281110048294,1
1985,2020-07-04,FINISHED,5620,507,Vitória FC,FC Paços de Ferreira,19.765110313892365,66.55593514442444,13.678957521915436,1
701,2020-07-04,FINISHED,66,1044,Manchester United FC,AFC Bournemouth,12.78282254934311,80.78139424324036,6.435781717300415,1
1431,2020-07-04,FINISHED,471,5890,US Sassuolo Calcio,US Lecce,25.594183802604675,54.71621751785278,19.689597189426422,1
1432,2020-07-04,FINISHED,110,98,SS Lazio,AC Milan,19.605092704296112,66.99337363243103,13.401533663272858,1
700,2020-07-04,FINISHED,68,397,Norwich City FC,Brighton & Hove Albion FC,31.95742964744568,38.944992423057556,29.097577929496765,1
1093,2020-07-04,FINISHED,83,95,Granada CF,Valencia CF,21.044842898845673,25.35821497440338,53.596943616867065,2
1092,2020-07-04,FINISHED,250,263,Real Valladolid CF,Deportivo Alavés,28.48336696624756,47.15675115585327,24.35988038778305,1
1091,2020-07-04,FINISHED,558,90,RC Celta de Vigo,Real Betis Balompié,20.81071138381958,24.422794580459595,54.7664999961853,2
1988,2020-07-04,FINISHED,5613,5544,Sporting Clube de Braga,CD Aves,14.530052244663239,77.25532650947571,8.214627206325531,1
1430,2020-07-04,FINISHED,109,586,Juventus FC,Torino FC,10.937952995300293,84.2384934425354,4.823556169867516,1
1987,2020-07-04,FINISHED,1903,810,Sport Lisboa e Benfica,Boavista FC,13.856783509254456,78.72157692909241,7.421649247407913,1
704,2020-07-04,FINISHED,61,346,Chelsea FC,Watford FC,9.791406244039536,86.13007664680481,4.078519344329834,1
703,2020-07-04,FINISHED,76,57,Wolverhampton Wanderers FC,Arsenal FC,26.6303151845932,44.12720501422882,29.242485761642456,1
702,2020-07-04,FINISHED,338,354,Leicester City FC,Crystal Palace FC,23.711980879306793,56.44623041152954,19.841788709163666,1
1986,2020-07-04,FINISHED,5601,5543,Portimonense SC,Vitória SC,28.30418050289154,33.64933431148529,38.04648518562317,2
1435,2020-07-05,FINISHED,115,107,Udinese Calcio,Genoa CFC,26.43774151802063,53.17345857620239,20.38879245519638,1
1436,2020-07-05,FINISHED,584,1107,UC Sampdoria,SPAL 2013,32.644692063331604,42.26672351360321,25.088587403297424,1
1434,2020-07-05,FINISHED,112,99,Parma Calcio 1913,ACF Fiorentina,31.748932600021362,44.001057744026184,24.250009655952454,1
1437,2020-07-05,FINISHED,104,102,Cagliari Calcio,Atalanta BC,19.9924498796463,22.23060131072998,57.77694582939148,2
1438,2020-07-05,FINISHED,449,450,Brescia Calcio,Hellas Verona FC,31.232985854148865,37.12574541568756,31.64127469062805,1
1439,2020-07-05,FINISHED,113,100,SSC Napoli,AS Roma,26.165640354156494,49.49849545955658,24.335859715938568,1
1433,2020-07-05,FINISHED,108,103,FC Internazionale Milano,Bologna FC 1909,11.601831018924713,83.072030544281,5.326135084033012,1
1990,2020-07-05,FINISHED,1049,5531,CD Tondela,FC Famalicão,32.139018177986145,38.81400227546692,29.046985507011414,1
1095,2020-07-05,FINISHED,80,745,RCD Espanyol de Barcelona,CD Leganés,18.05874854326248,70.24500370025635,11.696240305900574,1
1097,2020-07-05,FINISHED,94,81,Villarreal CF,FC Barcelona,16.873924434185028,18.30458492040634,64.82148766517639,2
1096,2020-07-05,FINISHED,79,82,CA Osasuna,Getafe CF,20.926739275455475,24.091051518917084,54.98220920562744,2
1094,2020-07-05,FINISHED,77,86,Athletic Club,Real Madrid CF,26.295197010040283,49.05090928077698,24.6538907289505,1
1991,2020-07-05,FINISHED,503,5568,FC Porto,Os Belenenses Futebol,13.169452548027039,79.96007204055786,6.870471686124802,1
708,2020-07-05,FINISHED,340,65,Southampton FC,Manchester City FC,16.11824333667755,16.190943121910095,67.69080758094788,2
707,2020-07-05,FINISHED,64,58,Liverpool FC,Aston Villa FC,3.6966469138860703,95.46914100646973,0.8342096582055092,1
706,2020-07-05,FINISHED,67,563,Newcastle United FC,West Ham United FC,24.11041557788849,56.6015899181366,19.287997484207153,1
705,2020-07-05,FINISHED,328,356,Burnley FC,Sheffield United FC,30.492523312568665,42.84198582172394,26.665493845939636,1
1989,2020-07-05,FINISHED,5533,496,Gil Vicente FC,Rio Ave FC,33.474430441856384,41.933998465538025,24.591568112373352,1
1099,2020-07-06,FINISHED,559,278,Sevilla FC,SD Eibar,15.880168974399567,74.94712471961975,9.172704815864563,1
1098,2020-07-06,FINISHED,88,92,Levante UD,Real Sociedad de Fútbol,24.239251017570496,31.88663423061371,43.874114751815796,2
709,2020-07-06,FINISHED,73,62,Tottenham Hotspur FC,Everton FC,18.063852190971375,70.35151720046997,11.584629863500595,1
1992,2020-07-06,FINISHED,583,498,Moreirense FC,Sporting Clube de Portugal,24.31204617023468,27.341100573539734,48.34685027599335,2
1440,2020-07-07,FINISHED,5890,110,US Lecce,SS Lazio,19.713062047958374,21.110980212688446,59.17595624923706,2
711,2020-07-07,FINISHED,346,68,Watford FC,Norwich City FC,29.28701937198639,48.5794723033905,22.133508324623108,1
1441,2020-07-07,FINISHED,98,109,AC Milan,Juventus FC,21.104001998901367,25.26891529560089,53.6270797252655,2
1100,2020-07-07,FINISHED,95,250,Valencia CF,Real Valladolid CF,10.502105951309204,85.00990867614746,4.487977176904678,1
1101,2020-07-07,FINISHED,558,78,RC Celta de Vigo,Club Atlético de Madrid,20.184656977653503,23.272258043289185,56.54308795928955,2
710,2020-07-07,FINISHED,354,61,Crystal Palace FC,Chelsea FC,21.180357038974762,25.174200534820557,53.6454439163208,2
712,2020-07-07,FINISHED,57,338,Arsenal FC,Leicester City FC,18.563561141490936,69.51160430908203,11.924844235181808,1
713,2020-07-08,SCHEDULED,65,67,Manchester City FC,Newcastle United FC,8.842185884714127,87.77187466621399,3.3859457820653915,1
714,2020-07-08,SCHEDULED,356,76,Sheffield United FC,Wolverhampton Wanderers FC,23.14760386943817,28.798216581344604,48.05418252944946,2
715,2020-07-08,SCHEDULED,563,328,West Ham United FC,Burnley FC,30.51246404647827,38.21735978126526,31.27017617225647,1
716,2020-07-08,SCHEDULED,397,64,Brighton & Hove Albion FC,Liverpool FC,11.200741678476334,9.887176007032394,78.91207933425903,2
717,2020-07-09,SCHEDULED,62,340,Everton FC,Southampton FC,24.70129132270813,55.123573541641235,20.175133645534515,1
718,2020-07-09,SCHEDULED,1044,73,AFC Bournemouth,Tottenham Hotspur FC,21.169941127300262,23.897165060043335,54.93289232254028,2
719,2020-07-09,SCHEDULED,58,66,Aston Villa FC,Manchester United FC,19.151926040649414,20.281068980693817,60.56700944900513,2
720,2020-07-11,SCHEDULED,68,563,Norwich City FC,West Ham United FC,31.538483500480652,38.38155269622803,30.079957842826843,1
721,2020-07-11,SCHEDULED,346,67,Watford FC,Newcastle United FC,30.401602387428284,38.345980644226074,31.25241994857788,1
722,2020-07-11,SCHEDULED,64,328,Liverpool FC,Burnley FC,3.4386344254016876,95.81775665283203,0.7436094339936972,1
723,2020-07-11,SCHEDULED,356,61,Sheffield United FC,Chelsea FC,20.627982914447784,23.96916002035141,55.40285110473633,2
724,2020-07-11,SCHEDULED,397,65,Brighton & Hove Albion FC,Manchester City FC,15.494801104068756,15.208804607391357,69.296395778656,2
725,2020-07-12,SCHEDULED,76,62,Wolverhampton Wanderers FC,Everton FC,16.63893610239029,73.40511679649353,9.955953061580658,1
726,2020-07-12,SCHEDULED,58,354,Aston Villa FC,Crystal Palace FC,27.828750014305115,33.04353058338165,39.12772238254547,2
727,2020-07-12,SCHEDULED,73,57,Tottenham Hotspur FC,Arsenal FC,26.51965320110321,43.11864376068115,30.361708998680115,1
728,2020-07-12,SCHEDULED,1044,338,AFC Bournemouth,Leicester City FC,25.929561257362366,30.567914247512817,43.50252151489258,2
729,2020-07-13,SCHEDULED,66,340,Manchester United FC,Southampton FC,14.050452411174774,78.43452095985413,7.515031844377518,1
730,2020-07-15,SCHEDULED,65,1044,Manchester City FC,AFC Bournemouth,6.884970515966415,90.82022309303284,2.2948039695620537,1
731,2020-07-15,SCHEDULED,67,73,Newcastle United FC,Tottenham Hotspur FC,24.027453362941742,30.521908402442932,45.450639724731445,2
732,2020-07-15,SCHEDULED,57,64,Arsenal FC,Liverpool FC,19.56927925348282,24.376854300498962,56.0538649559021,2
733,2020-07-15,SCHEDULED,61,68,Chelsea FC,Norwich City FC,8.598767966032028,88.07409405708313,3.3271431922912598,1
734,2020-07-15,SCHEDULED,62,58,Everton FC,Aston Villa FC,19.23832595348358,67.52557754516602,13.236096501350403,1
735,2020-07-15,SCHEDULED,338,356,Leicester City FC,Sheffield United FC,22.7659672498703,58.94671678543091,18.28732043504715,1
736,2020-07-15,SCHEDULED,328,76,Burnley FC,Wolverhampton Wanderers FC,22.94948548078537,28.30047905445099,48.75003695487976,2
737,2020-07-15,SCHEDULED,563,346,West Ham United FC,Watford FC,32.14840292930603,40.929993987083435,26.921603083610535,1
738,2020-07-15,SCHEDULED,340,397,Southampton FC,Brighton & Hove Albion FC,31.934651732444763,43.91064941883087,24.15469139814377,1
739,2020-07-15,SCHEDULED,354,66,Crystal Palace FC,Manchester United FC,23.91601949930191,30.660805106163025,45.423176884651184,2
740,2020-07-18,SCHEDULED,73,338,Tottenham Hotspur FC,Leicester City FC,22.01961725950241,61.291855573654175,16.688527166843414,1
741,2020-07-18,SCHEDULED,66,563,Manchester United FC,West Ham United FC,13.352195918560028,79.73713278770447,6.910664588212967,1
742,2020-07-18,SCHEDULED,68,328,Norwich City FC,Burnley FC,29.17807698249817,35.4746013879776,35.34732162952423,1
743,2020-07-18,SCHEDULED,356,62,Sheffield United FC,Everton FC,30.299842357635498,43.041616678237915,26.658540964126587,1
744,2020-07-18,SCHEDULED,397,67,Brighton & Hove Albion FC,Newcastle United FC,29.940462112426758,37.12644875049591,32.93309211730957,1
745,2020-07-18,SCHEDULED,346,65,Watford FC,Manchester City FC,15.851522982120514,15.76361209154129,68.38487386703491,2
746,2020-07-18,SCHEDULED,1044,340,AFC Bournemouth,Southampton FC,31.89660906791687,39.99348282814026,28.10990810394287,1
747,2020-07-18,SCHEDULED,76,354,Wolverhampton Wanderers FC,Crystal Palace FC,17.144092917442322,72.37403988838196,10.481873899698257,1
748,2020-07-18,SCHEDULED,58,57,Aston Villa FC,Arsenal FC,18.17398965358734,18.911829590797424,62.91418671607971,2
749,2020-07-18,SCHEDULED,64,61,Liverpool FC,Chelsea FC,10.109072178602219,85.87009310722351,4.020838439464569,1
750,2020-07-25,SCHEDULED,65,68,Manchester City FC,Norwich City FC,6.7590586841106415,91.00801944732666,2.2329172119498253,1
751,2020-07-25,SCHEDULED,67,64,Newcastle United FC,Liverpool FC,11.55758798122406,10.362638533115387,78.07977199554443,2
752,2020-07-25,SCHEDULED,57,346,Arsenal FC,Watford FC,11.714883148670197,82.77288675308228,5.512240901589394,1
753,2020-07-25,SCHEDULED,61,76,Chelsea FC,Wolverhampton Wanderers FC,22.693179547786713,59.99543070793152,17.311391234397888,1
754,2020-07-25,SCHEDULED,62,1044,Everton FC,AFC Bournemouth,22.56927788257599,59.988200664520264,17.442528903484344,1
755,2020-07-25,SCHEDULED,338,66,Leicester City FC,Manchester United FC,25.808915495872498,37.13542819023132,37.05565333366394,1
756,2020-07-25,SCHEDULED,328,397,Burnley FC,Brighton & Hove Albion FC,23.91166239976883,57.19437599182129,18.893957138061523,1
757,2020-07-25,SCHEDULED,563,58,West Ham United FC,Aston Villa FC,28.23445498943329,50.40355324745178,21.36198729276657,1
758,2020-07-25,SCHEDULED,340,356,Southampton FC,Sheffield United FC,30.549344420433044,38.969886302948,30.48076331615448,1
759,2020-07-25,SCHEDULED,354,73,Crystal Palace FC,Tottenham Hotspur FC,24.51186031103134,31.866833567619324,43.621304631233215,2
1102,2020-07-08,SCHEDULED,82,94,Getafe CF,Villarreal CF,19.402281939983368,67.67268776893616,12.925030291080475,1
1103,2020-07-08,SCHEDULED,90,79,Real Betis Balompié,CA Osasuna,10.481587052345276,84.98356342315674,4.53483872115612,1
1104,2020-07-08,SCHEDULED,81,80,FC Barcelona,RCD Espanyol de Barcelona,8.36842730641365,88.63815665245056,2.993408590555191,1
1105,2020-07-09,SCHEDULED,89,88,RCD Mallorca,Levante UD,28.204140067100525,34.0852826833725,37.71057724952698,2
1106,2020-07-09,SCHEDULED,278,745,SD Eibar,CD Leganés,29.142826795578003,46.569567918777466,24.28760826587677,1
1107,2020-07-09,SCHEDULED,77,559,Athletic Club,Sevilla FC,21.60993367433548,62.76633143424988,15.623731911182404,1
1108,2020-07-10,SCHEDULED,92,83,Real Sociedad de Fútbol,Granada CF,18.86652559041977,68.75567436218262,12.37780675292015,1
1109,2020-07-10,SCHEDULED,86,263,Real Madrid CF,Deportivo Alavés,11.418548971414566,83.38228464126587,5.1991622895002365,1
1110,2020-07-11,SCHEDULED,79,558,CA Osasuna,RC Celta de Vigo,30.340269207954407,39.83795344829559,29.82177436351776,1
1111,2020-07-11,SCHEDULED,250,81,Real Valladolid CF,FC Barcelona,14.098186790943146,13.695013523101807,72.20680117607117,2
1112,2020-07-11,SCHEDULED,78,90,Club Atlético de Madrid,Real Betis Balompié,26.1743426322937,49.50428009033203,24.32137429714203,1
1113,2020-07-12,SCHEDULED,80,278,RCD Espanyol de Barcelona,SD Eibar,19.311876595020294,67.50737428665161,13.180756568908691,1
1114,2020-07-12,SCHEDULED,88,77,Levante UD,Athletic Club,21.295340359210968,25.6878525018692,53.01680564880371,2
1115,2020-07-12,SCHEDULED,745,95,CD Leganés,Valencia CF,18.195700645446777,19.572557508945465,62.231749296188354,2
1116,2020-07-12,SCHEDULED,559,89,Sevilla FC,RCD Mallorca,12.066314369440079,82.1028470993042,5.830834805965424,1
1117,2020-07-13,SCHEDULED,94,92,Villarreal CF,Real Sociedad de Fútbol,25.73150396347046,37.29611933231354,36.972376704216,1
1118,2020-07-13,SCHEDULED,263,82,Deportivo Alavés,Getafe CF,21.7536598443985,25.89048743247986,52.35585570335388,2
1119,2020-07-13,SCHEDULED,83,86,Granada CF,Real Madrid CF,22.331805527210236,27.973759174346924,49.69443082809448,2
1120,2020-07-15,SCHEDULED,86,94,Real Madrid CF,Villarreal CF,16.21411442756653,74.51339960098267,9.272488206624985,1
1121,2020-07-15,SCHEDULED,81,79,FC Barcelona,CA Osasuna,4.44832555949688,94.42591071128845,1.1257639154791832,1
1122,2020-07-15,SCHEDULED,95,80,Valencia CF,RCD Espanyol de Barcelona,16.42669290304184,74.19487833976746,9.378426522016525,1
1123,2020-07-15,SCHEDULED,89,83,RCD Mallorca,Granada CF,27.32890546321869,32.53820240497589,40.13288915157318,2
1124,2020-07-15,SCHEDULED,77,745,Athletic Club,CD Leganés,10.194351524114609,85.49086451530457,4.314782842993736,1
1125,2020-07-15,SCHEDULED,82,78,Getafe CF,Club Atlético de Madrid,26.202696561813354,42.79161095619202,31.005695462226868,1
1126,2020-07-15,SCHEDULED,92,559,Real Sociedad de Fútbol,Sevilla FC,27.051344513893127,45.60987949371338,27.338778972625732,1
1127,2020-07-15,SCHEDULED,90,263,Real Betis Balompié,Deportivo Alavés,11.421002447605133,83.37799906730652,5.20099550485611,1
1128,2020-07-15,SCHEDULED,558,88,RC Celta de Vigo,Levante UD,29.4590026140213,41.99323058128357,28.547772765159607,1
1129,2020-07-15,SCHEDULED,278,250,SD Eibar,Real Valladolid CF,30.21255135536194,42.7004337310791,27.08701193332672,1
1130,2020-07-19,SCHEDULED,78,92,Club Atlético de Madrid,Real Sociedad de Fútbol,21.392567455768585,63.29994201660156,15.30749499797821,1
1131,2020-07-19,SCHEDULED,88,82,Levante UD,Getafe CF,23.517408967018127,30.273425579071045,46.209168434143066,2
1132,2020-07-19,SCHEDULED,79,89,CA Osasuna,RCD Mallorca,28.325214982032776,49.50031340122223,22.174477577209473,1
1133,2020-07-19,SCHEDULED,559,95,Sevilla FC,Valencia CF,25.617492198944092,39.917927980422974,34.46458280086517,1
1134,2020-07-19,SCHEDULED,80,558,RCD Espanyol de Barcelona,RC Celta de Vigo,19.943898916244507,66.08070135116577,13.9754056930542,1
1135,2020-07-19,SCHEDULED,83,77,Granada CF,Athletic Club,21.8060702085495,26.89020335674286,51.30372643470764,2
1136,2020-07-19,SCHEDULED,250,90,Real Valladolid CF,Real Betis Balompié,20.809635519981384,24.42064881324768,54.769712686538696,2
1137,2020-07-19,SCHEDULED,94,278,Villarreal CF,SD Eibar,22.004428505897522,60.91504693031311,17.08052307367325,1
1138,2020-07-19,SCHEDULED,263,81,Deportivo Alavés,FC Barcelona,13.347122073173523,12.577155232429504,74.07572269439697,2
1139,2020-07-19,SCHEDULED,745,86,CD Leganés,Real Madrid CF,19.541771709918976,21.805578470230103,58.65265130996704,2
1442,2020-07-08,SCHEDULED,99,104,ACF Fiorentina,Cagliari Calcio,32.08616375923157,40.74943661689758,27.16440260410309,1
1443,2020-07-08,SCHEDULED,107,113,Genoa CFC,SSC Napoli,19.389480352401733,20.705947279930115,59.90457534790039,2
1444,2020-07-08,SCHEDULED,100,112,AS Roma,Parma Calcio 1913,15.546949207782745,75.48901438713074,8.964043855667114,1
1445,2020-07-08,SCHEDULED,102,584,Atalanta BC,UC Sampdoria,11.219226568937302,83.6373507976532,5.1434192806482315,1
1446,2020-07-08,SCHEDULED,586,449,Torino FC,Brescia Calcio,18.61361265182495,68.91546249389648,12.470920383930206,1
1447,2020-07-08,SCHEDULED,103,471,Bologna FC 1909,US Sassuolo Calcio,26.82971954345703,51.11582279205322,22.054462134838104,1
1448,2020-07-09,SCHEDULED,1107,115,SPAL 2013,Udinese Calcio,31.29601776599884,38.5439932346344,30.159991979599,1
1449,2020-07-09,SCHEDULED,450,108,Hellas Verona FC,FC Internazionale Milano,17.04070419073105,17.334088683128357,65.62520265579224,2
1450,2020-07-11,SCHEDULED,110,471,SS Lazio,US Sassuolo Calcio,15.253521502017975,76.08259916305542,8.663879334926605,1
1451,2020-07-11,SCHEDULED,449,100,Brescia Calcio,AS Roma,19.788748025894165,21.126803755760193,59.08445119857788,2
1452,2020-07-11,SCHEDULED,109,102,Juventus FC,Atalanta BC,23.151342570781708,58.81839394569397,18.030263483524323,1
1453,2020-07-12,SCHEDULED,107,1107,Genoa CFC,SPAL 2013,32.44692385196686,39.44123089313507,28.111842274665833,1
1454,2020-07-12,SCHEDULED,99,450,ACF Fiorentina,Hellas Verona FC,32.49870538711548,42.781418561935425,24.719874560832977,1
1455,2020-07-12,SCHEDULED,112,103,Parma Calcio 1913,Bologna FC 1909,30.759823322296143,39.74661827087402,29.493552446365356,1
1456,2020-07-12,SCHEDULED,115,584,Udinese Calcio,UC Sampdoria,31.206342577934265,45.17601132392883,23.61764907836914,1
1457,2020-07-12,SCHEDULED,104,5890,Cagliari Calcio,US Lecce,27.94424295425415,50.68519115447998,21.370558440685272,1
1458,2020-07-12,SCHEDULED,113,98,SSC Napoli,AC Milan,18.65433305501938,69.158935546875,12.18673512339592,1
1459,2020-07-13,SCHEDULED,108,586,FC Internazionale Milano,Torino FC,11.59621924161911,83.08184146881104,5.321943759918213,1
1460,2020-07-14,SCHEDULED,102,449,Atalanta BC,Brescia Calcio,10.32899022102356,85.15250086784363,4.518509283661842,1
1461,2020-07-15,SCHEDULED,103,113,Bologna FC 1909,SSC Napoli,23.273268342018127,28.97413671016693,47.7525919675827,2
1462,2020-07-15,SCHEDULED,98,112,AC Milan,Parma Calcio 1913,22.55694568157196,59.70866084098816,17.734386026859283,1
1463,2020-07-15,SCHEDULED,584,104,UC Sampdoria,Cagliari Calcio,32.06754922866821,40.45765995979309,27.474787831306458,1
1464,2020-07-15,SCHEDULED,471,109,US Sassuolo Calcio,Juventus FC,18.1267648935318,19.29079294204712,62.58243918418884,2
1465,2020-07-15,SCHEDULED,5890,99,US Lecce,ACF Fiorentina,31.41767680644989,38.07883560657501,30.503496527671814,1
1466,2020-07-15,SCHEDULED,100,450,AS Roma,Hellas Verona FC,13.313260674476624,79.75870370864868,6.928039342164993,1
1467,2020-07-15,SCHEDULED,115,110,Udinese Calcio,SS Lazio,22.40312248468399,26.57010555267334,51.02677345275879,2
1468,2020-07-16,SCHEDULED,586,107,Torino FC,Genoa CFC,21.289674937725067,63.06171417236328,15.648604929447174,1
1469,2020-07-16,SCHEDULED,1107,108,SPAL 2013,FC Internazionale Milano,17.00192540884018,17.271317541599274,65.72676301002502,2
1470,2020-07-18,SCHEDULED,450,102,Hellas Verona FC,Atalanta BC,18.743494153022766,19.900353252887726,61.35615110397339,2
1471,2020-07-18,SCHEDULED,104,471,Cagliari Calcio,US Sassuolo Calcio,31.898504495620728,40.976446866989136,27.125048637390137,1
1472,2020-07-18,SCHEDULED,98,103,AC Milan,Bologna FC 1909,25.6538063287735,51.94723606109619,22.398953139781952,1
1473,2020-07-19,SCHEDULED,112,584,Parma Calcio 1913,UC Sampdoria,31.37691617012024,44.8769748210907,23.746103048324585,1
1474,2020-07-19,SCHEDULED,113,115,SSC Napoli,Udinese Calcio,14.420965313911438,77.73508429527283,7.843960076570511,1
1475,2020-07-19,SCHEDULED,99,586,ACF Fiorentina,Torino FC,30.3905189037323,38.00196945667267,31.607508659362793,1
1476,2020-07-19,SCHEDULED,107,5890,Genoa CFC,US Lecce,32.98123776912689,40.311217308044434,26.707541942596436,1
1477,2020-07-19,SCHEDULED,449,1107,Brescia Calcio,SPAL 2013,31.321534514427185,37.23357021808624,31.444892287254333,1
1478,2020-07-19,SCHEDULED,100,108,AS Roma,FC Internazionale Milano,25.587821006774902,38.97748589515686,35.434699058532715,1
1479,2020-07-20,SCHEDULED,109,110,Juventus FC,SS Lazio,19.562701880931854,67.54485964775085,12.892445921897888,1
1480,2020-07-21,SCHEDULED,102,103,Atalanta BC,Bologna FC 1909,14.41204696893692,77.85776257514954,7.730194181203842,1
1481,2020-07-21,SCHEDULED,471,98,US Sassuolo Calcio,AC Milan,29.234877228736877,37.59831488132477,33.16681683063507,1
1482,2020-07-22,SCHEDULED,112,113,Parma Calcio 1913,SSC Napoli,21.7806413769722,25.457102060317993,52.76225805282593,2
1483,2020-07-22,SCHEDULED,108,99,FC Internazionale Milano,ACF Fiorentina,9.174022823572159,87.15770244598389,3.6682795733213425,1
1484,2020-07-22,SCHEDULED,584,107,UC Sampdoria,Genoa CFC,32.087671756744385,44.36270296573639,23.549628257751465,1
1485,2020-07-22,SCHEDULED,586,450,Torino FC,Hellas Verona FC,22.670970857143402,59.936362504959106,17.392660677433014,1
1486,2020-07-22,SCHEDULED,1107,100,SPAL 2013,AS Roma,20.834913849830627,23.151662945747375,56.013423204422,2
1487,2020-07-22,SCHEDULED,5890,449,US Lecce,Brescia Calcio,33.312782645225525,41.82048141956329,24.866732954978943,1
1488,2020-07-23,SCHEDULED,115,109,Udinese Calcio,Juventus FC,18.151257932186127,19.335387647151947,62.513357400894165,2
1489,2020-07-23,SCHEDULED,110,104,SS Lazio,Cagliari Calcio,14.61225301027298,77.32426524162292,8.063480257987976,1
1490,2020-07-26,SCHEDULED,109,584,Juventus FC,UC Sampdoria,8.567237854003906,88.15300464630127,3.2797586172819138,1
1491,2020-07-26,SCHEDULED,113,471,SSC Napoli,US Sassuolo Calcio,14.384545385837555,77.80423164367676,7.811225205659866,1
1492,2020-07-26,SCHEDULED,100,99,AS Roma,ACF Fiorentina,14.376215636730194,77.76016592979431,7.863615453243256,1
1493,2020-07-26,SCHEDULED,98,102,AC Milan,Atalanta BC,23.32078069448471,29.77762520313263,46.90159857273102,2
1494,2020-07-26,SCHEDULED,104,115,Cagliari Calcio,Udinese Calcio,31.884700059890747,40.9570574760437,27.15824842453003,1
1495,2020-07-26,SCHEDULED,103,5890,Bologna FC 1909,US Lecce,20.733852684497833,64.31605815887451,14.950084686279297,1
1496,2020-07-26,SCHEDULED,107,108,Genoa CFC,FC Internazionale Milano,16.927991807460785,17.151834070682526,65.92017412185669,2
1497,2020-07-26,SCHEDULED,449,112,Brescia Calcio,Parma Calcio 1913,29.50458526611328,35.09923815727234,35.39617657661438,2
1498,2020-07-26,SCHEDULED,450,110,Hellas Verona FC,SS Lazio,20.693793892860413,22.96261638402939,56.34358525276184,2
1499,2020-07-26,SCHEDULED,1107,586,SPAL 2013,Torino FC,29.672807455062866,36.426934599876404,33.90025496482849,1
1500,2020-07-29,SCHEDULED,108,113,FC Internazionale Milano,SSC Napoli,21.492470800876617,63.02943825721741,15.478087961673737,1
1501,2020-07-29,SCHEDULED,99,103,ACF Fiorentina,Bologna FC 1909,30.384409427642822,37.99247145652771,31.62311613559723,1
1502,2020-07-29,SCHEDULED,110,449,SS Lazio,Brescia Calcio,11.886434257030487,82.35437870025635,5.759182572364807,1
1503,2020-07-29,SCHEDULED,112,102,Parma Calcio 1913,Atalanta BC,20.447032153606415,23.13055992126465,56.42240643501282,2
1504,2020-07-29,SCHEDULED,115,5890,Udinese Calcio,US Lecce,25.472909212112427,54.91676330566406,19.61032897233963,1
1505,2020-07-29,SCHEDULED,584,98,UC Sampdoria,AC Milan,28.562641143798828,34.97467637062073,36.462679505348206,2
1506,2020-07-29,SCHEDULED,104,109,Cagliari Calcio,Juventus FC,17.655152082443237,18.456993997097015,63.88785243034363,2
1507,2020-07-29,SCHEDULED,586,100,Torino FC,AS Roma,24.058450758457184,30.462539196014404,45.47901153564453,2
1508,2020-07-29,SCHEDULED,450,1107,Hellas Verona FC,SPAL 2013,32.623207569122314,40.59499502182007,26.781800389289856,1
1509,2020-07-29,SCHEDULED,471,107,US Sassuolo Calcio,Genoa CFC,26.560768485069275,52.96119451522827,20.47804743051529,1
1510,2020-08-02,SCHEDULED,109,100,Juventus FC,AS Roma,19.21519935131073,68.31517815589905,12.469617277383804,1
1511,2020-08-02,SCHEDULED,113,110,SSC Napoli,SS Lazio,26.44590437412262,48.5062837600708,25.04780888557434,1
1512,2020-08-02,SCHEDULED,98,104,AC Milan,Cagliari Calcio,21.78354114294052,61.56338453292847,16.653071343898773,1
1513,2020-08-02,SCHEDULED,102,108,Atalanta BC,FC Internazionale Milano,26.348042488098145,43.46253275871277,30.189427733421326,1
1514,2020-08-02,SCHEDULED,103,586,Bologna FC 1909,Torino FC,30.47812283039093,43.3763325214386,26.145541667938232,1
1515,2020-08-02,SCHEDULED,107,450,Genoa CFC,Hellas Verona FC,32.39293396472931,39.381253719329834,28.225818276405334,1
1516,2020-08-02,SCHEDULED,449,584,Brescia Calcio,UC Sampdoria,30.570006370544434,36.33275926113129,33.09723436832428,1
1517,2020-08-02,SCHEDULED,471,115,US Sassuolo Calcio,Udinese Calcio,31.873461604118347,41.80942177772522,26.317119598388672,1
1518,2020-08-02,SCHEDULED,1107,99,SPAL 2013,ACF Fiorentina,32.089272141456604,39.700862765312195,28.20987105369568,1
1519,2020-08-02,SCHEDULED,5890,112,US Lecce,Parma Calcio 1913,30.53218722343445,36.91549599170685,32.552313804626465,1
1719,2020-08-07,SCHEDULED,65,86,Manchester City FC,Real Madrid CF,22.917157411575317,59.48527455329895,17.597565054893494,1
1720,2020-08-07,SCHEDULED,109,523,Juventus FC,Olympique Lyonnais,17.409591376781464,72.1534252166748,10.436981916427612,1
1721,2020-08-08,SCHEDULED,5,61,FC Bayern München,Chelsea FC,20.7906112074852,64.82785940170288,14.381526410579681,1
1722,2020-08-08,SCHEDULED,81,113,FC Barcelona,SSC Napoli,10.12686938047409,85.80836057662964,4.06477153301239,1
1993,2020-07-08,SCHEDULED,810,5575,Boavista FC,CS Marítimo,32.650214433670044,43.355393409729004,23.99439364671707,1
1994,2020-07-08,SCHEDULED,5544,5620,CD Aves,Vitória FC,28.45207154750824,33.91525149345398,37.63267695903778,2
1995,2020-07-09,SCHEDULED,496,5601,Rio Ave FC,Portimonense SC,32.514047622680664,37.031492590904236,30.454453825950623,1
1996,2020-07-09,SCHEDULED,1049,503,CD Tondela,FC Porto,21.17466628551483,22.97283113002777,55.852508544921875,2
1997,2020-07-09,SCHEDULED,5531,1903,FC Famalicão,Sport Lisboa e Benfica,21.3546484708786,23.97761195898056,54.66773509979248,2
1998,2020-07-10,SCHEDULED,5543,5533,Vitória SC,Gil Vicente FC,20.194582641124725,65.62299132347107,14.182429015636444,1
1999,2020-07-10,SCHEDULED,498,5530,Sporting Clube de Portugal,CD Santa Clara,20.003433525562286,65.72153568267822,14.275036752223969,1
2000,2020-07-10,SCHEDULED,507,5613,FC Paços de Ferreira,Sporting Clube de Braga,23.3800008893013,25.541356205940247,51.078641414642334,2
2001,2020-07-11,SCHEDULED,5568,583,Os Belenenses Futebol,Moreirense FC,32.72031545639038,39.019206166267395,28.260481357574463,1
2002,2020-07-13,SCHEDULED,5575,496,CS Marítimo,Rio Ave FC,32.61936902999878,44.15746033191681,23.223169147968292,1
2003,2020-07-13,SCHEDULED,5620,5531,Vitória FC,FC Famalicão,24.183832108974457,56.84646964073181,18.969696760177612,1
2004,2020-07-14,SCHEDULED,5530,5544,CD Santa Clara,CD Aves,22.001875936985016,62.128013372421265,15.870101749897003,1
2005,2020-07-14,SCHEDULED,5601,810,Portimonense SC,Boavista FC,31.019341945648193,36.79974973201752,32.18090832233429,1
2006,2020-07-14,SCHEDULED,5533,1049,Gil Vicente FC,CD Tondela,32.65499472618103,38.515084981918335,28.829914331436157,1
2007,2020-07-14,SCHEDULED,1903,5543,Sport Lisboa e Benfica,Vitória SC,17.611567676067352,71.25400304794312,11.134423315525055,1
2008,2020-07-15,SCHEDULED,583,507,Moreirense FC,FC Paços de Ferreira,33.26532244682312,41.89656972885132,24.838104844093323,1
2009,2020-07-15,SCHEDULED,5613,5568,Sporting Clube de Braga,Os Belenenses Futebol,15.232357382774353,75.88123083114624,8.88640210032463,1
2010,2020-07-15,SCHEDULED,503,498,FC Porto,Sporting Clube de Portugal,24.54022616147995,54.319047927856445,21.140725910663605,1
2011,2020-07-18,SCHEDULED,496,5530,Rio Ave FC,CD Santa Clara,29.14736270904541,34.197431802749634,36.655211448669434,2
2012,2020-07-18,SCHEDULED,5531,810,FC Famalicão,Boavista FC,32.53377676010132,40.48973321914673,26.976490020751953,1
2013,2020-07-19,SCHEDULED,5568,5533,Os Belenenses Futebol,Gil Vicente FC,33.30644071102142,40.02082049846649,26.672738790512085,1
2014,2020-07-19,SCHEDULED,5543,5575,Vitória SC,CS Marítimo,21.41350358724594,62.925928831100464,15.660564601421356,1
2015,2020-07-20,SCHEDULED,507,5601,FC Paços de Ferreira,Portimonense SC,33.44438672065735,39.24398124217987,27.31163799762726,1
2016,2020-07-20,SCHEDULED,1049,5613,CD Tondela,Sporting Clube de Braga,24.091103672981262,26.902231574058533,49.006664752960205,2
2017,2020-07-20,SCHEDULED,503,583,FC Porto,Moreirense FC,13.592219352722168,79.17272448539734,7.2350576519966125,1
2018,2020-07-21,SCHEDULED,498,5620,Sporting Clube de Portugal,Vitória FC,21.359984576702118,62.50295042991638,16.13706648349762,1
2019,2020-07-21,SCHEDULED,5544,1903,CD Aves,Sport Lisboa e Benfica,20.102308690547943,21.52276635169983,58.374929428100586,2
2020,2020-07-26,SCHEDULED,5613,503,Sporting Clube de Braga,FC Porto,27.081412076950073,41.94163978099823,30.976951122283936,1
2021,2020-07-26,SCHEDULED,5575,5531,CS Marítimo,FC Famalicão,32.06038773059845,38.671109080314636,29.268500208854675,1
2022,2020-07-26,SCHEDULED,5533,507,Gil Vicente FC,FC Paços de Ferreira,33.340176939964294,39.39296901226044,27.26685404777527,1
2023,2020-07-26,SCHEDULED,583,1049,Moreirense FC,CD Tondela,32.995906472206116,40.09052217006683,26.913583278656006,1
2024,2020-07-26,SCHEDULED,1903,498,Sport Lisboa e Benfica,Sporting Clube de Portugal,23.313580453395844,57.86992907524109,18.81648898124695,1
2025,2020-07-26,SCHEDULED,5620,5568,Vitória FC,Os Belenenses Futebol,21.084818243980408,63.651859760284424,15.26331752538681,1
2026,2020-07-26,SCHEDULED,5530,5543,CD Santa Clara,Vitória SC,31.18736743927002,40.931472182273865,27.881166338920593,1
2027,2020-07-26,SCHEDULED,5601,5544,Portimonense SC,CD Aves,33.24853181838989,38.532641530036926,28.21882665157318,1
2028,2020-07-26,SCHEDULED,810,496,Boavista FC,Rio Ave FC,27.635133266448975,51.85445547103882,20.51040679216385,1
