;puissance_homeTeam;puissance_awayTeam;win_cons_home;win_cons_away;lose_cons_home;lose_cons_away;score
0;2409;6154;-1;-1;-1;-1;2.0
1;4008;3054;-1;-1;-1;-1;2.0
2;3029;100;-1;-1;-1;-1;2.0
3;2803;2045;-1;-1;-1;-1;1.0
4;2156;1065;-1;-1;-1;-1;0.0
5;2690;2298;-1;-1;-1;-1;1.0
6;100;3749;-1;-1;-1;-1;2.0
7;4207;3029;-1;-1;-1;-1;1.0
8;3627;1736;-1;-1;-1;-1;0.0
9;9495;2020;-1;-1;-1;-1;1.0
10;6154;2690;1;1;0;0;1.0
11;3029;4008;0;0;1;1;0.0
12;2298;3029;0;0;1;1;0.0
13;1065;100;0;0;0;1;1.0
14;2020;2803;0;1;1;0;2.0
15;1736;2409;0;0;0;1;1.0
16;2045;4207;0;1;1;0;1.0
17;3749;2156;1;0;0;0;0.0
18;3054;3627;1;0;0;0;0.0
19;100;9495;1;1;0;0;1.0
20;2156;3054;0;0;0;0;1.0
21;2690;1736;0;1;1;0;1.0
22;100;2298;0;0;2;0;2.0
23;2045;3029;1;0;0;0;2.0
24;2409;2020;0;0;2;2;0.0
25;3627;100;0;2;0;0;2.0
26;9495;1065;0;1;1;0;1.0
27;3029;6154;0;2;0;0;1.0
28;4207;3749;0;0;1;0;1.0
29;2803;4008;2;0;0;0;2.0
30;1736;9495;0;1;1;0;2.0
31;6154;2298;0;1;1;0;0.0
32;1065;2045;0;0;1;1;1.0
33;2690;100;1;0;0;3;1.0
34;3029;3029;1;1;0;0;1.0
35;2020;2156;0;1;0;0;1.0
36;100;2803;3;0;0;1;2.0
37;3054;4207;0;1;1;0;1.0
38;3627;2409;0;0;1;0;0.0
39;4008;3749;1;0;0;1;1.0
40;4207;2690;0;2;1;0;1.0
41;2045;6154;0;0;2;0;0.0
42;9495;3627;2;0;0;0;1.0
43;3029;2803;0;1;1;0;1.0
44;2298;1736;0;0;0;2;1.0
45;2156;100;0;0;1;1;0.0
46;100;2020;0;1;4;0;0.0
47;3029;3054;2;1;0;0;1.0
48;3749;1065;0;1;2;0;0.0
49;2409;4008;0;2;0;0;2.0
50;3627;3029;0;3;1;0;1.0
51;4008;3029;3;1;0;0;0.0
52;2298;2156;1;0;0;0;0.0
53;2803;100;0;0;1;0;1.0
54;3054;2409;0;0;1;1;0.0
55;2020;1065;0;0;0;0;1.0
56;1736;2045;0;0;3;0;2.0
57;100;4207;0;0;0;1;0.0
58;2690;3749;0;0;1;0;1.0
59;6154;9495;0;4;0;0;2.0
60;100;4008;0;0;1;0;0.0
61;2409;2803;0;1;0;0;1.0
62;3029;2020;0;1;0;0;1.0
63;4207;3627;0;1;0;0;1.0
64;3749;1736;0;0;1;4;2.0
65;1065;2690;0;1;1;0;2.0
66;2156;6154;0;0;0;1;0.0
67;3029;100;0;0;1;0;1.0
68;2045;2298;1;0;0;0;2.0
69;9495;3054;5;0;0;0;2.0
70;6154;3029;0;1;0;0;2.0
71;2298;9495;1;0;0;1;2.0
72;2803;4207;0;1;1;0;0.0
73;3054;100;1;0;0;0;2.0
74;2690;2045;2;0;0;1;0.0
75;2409;2156;1;0;0;0;1.0
76;1736;1065;1;0;0;2;0.0
77;3627;3029;0;1;1;0;1.0
78;2020;3749;0;0;1;2;2.0
79;4008;100;0;0;0;1;0.0
80;2045;4008;0;0;0;0;1.0
81;9495;2690;2;0;0;0;1.0
82;3029;2409;0;2;1;0;1.0
83;1065;2298;0;0;0;1;2.0
84;2156;1736;0;0;1;0;1.0
85;3029;2803;2;0;0;0;1.0
86;100;3627;1;1;0;0;1.0
87;4207;2020;0;0;1;2;0.0
88;100;3054;0;0;0;1;2.0
89;3749;6154;1;1;0;0;1.0
90;2803;9495;0;3;1;0;2.0
91;6154;100;0;2;1;0;0.0
92;1065;4207;0;0;1;0;1.0
93;3054;3029;1;1;0;0;1.0
94;2690;2156;0;1;1;0;2.0
95;2020;2045;0;1;0;0;0.0
96;1736;3029;0;3;1;0;1.0
97;2298;3749;1;2;0;0;2.0
98;2409;100;0;0;1;1;1.0
99;4008;3627;0;0;1;1;1.0
100;3029;2409;0;1;1;0;2.0
101;4207;2298;0;0;0;1;1.0
102;3029;2690;0;0;1;2;0.0
103;6154;1736;0;1;1;0;1.0
104;2156;100;2;0;0;0;1.0
105;3054;2020;2;0;0;0;0.0
106;3627;2803;0;0;2;2;1.0
107;100;1065;0;1;2;0;1.0
108;3749;2045;3;0;0;0;0.0
109;9495;4008;5;1;0;0;1.0
110;100;9495;0;6;1;0;1.0
111;4008;4207;0;1;1;0;1.0
112;2690;3627;0;1;0;0;1.0
113;1736;3029;0;0;1;0;0.0
114;2045;2156;0;3;0;0;1.0
115;1065;6154;0;1;1;0;2.0
116;2298;3029;0;0;2;2;1.0
117;2803;3054;0;0;3;0;1.0
118;3749;2409;0;2;0;0;1.0
119;2803;2298;1;1;0;0;0.0
120;2156;9495;0;1;1;0;2.0
121;4207;1736;0;0;2;0;0.0
122;3054;2690;0;1;1;0;0.0
123;2409;100;0;1;1;0;1.0
124;3627;2020;0;0;1;0;1.0
125;100;2045;1;1;0;0;1.0
126;3029;1065;0;0;0;2;1.0
127;3029;3749;0;1;3;0;2.0
128;4008;6154;1;3;0;0;1.0
129;9495;4207;2;0;0;0;1.0
130;6154;2803;0;0;1;0;1.0
131;2156;3029;0;0;2;4;0.0
132;2690;2020;0;0;0;1;1.0
133;100;100;0;2;1;0;1.0
134;1736;3054;0;0;0;0;0.0
135;2045;3627;0;1;1;0;2.0
136;2298;2409;0;1;0;0;1.0
137;3749;3029;2;1;0;0;0.0
138;1065;4008;0;2;3;0;2.0
139;4008;2156;3;0;0;0;1.0
140;3627;6154;2;0;0;1;2.0
141;3029;2045;0;0;0;2;1.0
142;4207;100;0;1;2;0;1.0
143;2803;2690;0;1;1;0;1.0
144;3054;2298;0;1;0;0;0.0
145;2020;1736;0;0;2;0;0.0
146;3029;1065;0;0;0;4;1.0
147;100;3749;0;0;1;0;1.0
148;2298;2020;0;0;0;0;1.0
149;2156;3627;0;0;1;1;1.0
150;2690;4008;0;4;1;0;2.0
151;6154;4207;1;1;0;0;2.0
152;3749;2803;0;1;1;0;1.0
153;1065;2409;0;0;5;1;2.0
154;100;3029;0;1;1;0;0.0
155;1736;100;0;1;0;0;2.0
156;9495;3029;0;1;0;0;1.0
157;4207;2156;2;1;0;0;1.0
158;2020;6154;0;0;1;1;2.0
159;3029;9495;0;1;0;0;2.0
160;100;2690;2;0;0;2;1.0
161;2803;1736;0;0;1;1;1.0
162;2409;2045;1;0;0;3;1.0
163;3627;1065;0;0;2;6;1.0
164;3054;3749;0;1;0;0;1.0
165;3029;100;0;0;1;0;1.0
166;4008;2298;5;1;0;0;1.0
167;4207;3029;0;0;1;1;1.0
168;1736;4008;0;6;2;0;0.0
169;1065;3054;0;1;7;0;2.0
170;2156;2803;0;1;1;0;0.0
171;2690;2409;0;2;3;0;0.0
172;2020;3029;0;1;2;0;2.0
173;2045;100;0;0;4;1;0.0
174;2298;3627;0;1;1;0;2.0
175;6154;100;0;3;0;0;2.0
176;3749;9495;0;3;1;0;2.0
177;3029;2156;0;0;2;0;1.0
178;9495;2045;4;0;0;0;1.0
179;100;2298;4;0;0;2;1.0
180;4008;2020;0;0;0;3;1.0
181;2803;1065;0;0;0;8;1.0
182;3054;6154;2;0;0;1;0.0
183;3029;2690;2;0;0;0;2.0
184;2409;4207;0;1;0;0;1.0
185;100;1736;0;0;0;0;0.0
186;3627;3749;2;0;0;2;1.0
187;100;4008;5;1;0;0;2.0
188;2298;6154;0;0;3;0;2.0
189;1065;2156;0;0;9;1;2.0
190;2690;2803;1;1;0;0;0.0
191;2020;3054;0;0;4;0;1.0
192;1736;3627;0;3;0;0;1.0
193;2045;3029;0;1;1;0;2.0
194;3749;3029;0;0;3;1;2.0
195;100;4207;0;0;0;1;1.0
196;9495;2409;5;1;0;0;0.0
197;2020;100;1;0;0;1;2.0
198;2045;3054;0;0;2;1;0.0
199;2409;9495;0;0;0;0;2.0
200;2803;100;0;1;0;0;0.0
201;4008;2690;2;0;0;0;0.0
202;3029;100;2;1;0;0;1.0
203;3749;2020;0;0;4;1;1.0
204;2156;2045;1;0;0;0;1.0
205;3054;1736;0;1;0;0;2.0
206;2409;3627;0;0;1;1;2.0
207;6154;1065;1;0;0;10;1.0
208;3029;2298;1;0;0;4;2.0
209;4207;9495;0;1;2;0;2.0
210;100;3029;0;0;0;1;1.0
211;9495;3029;2;3;0;0;1.0
212;2690;3054;0;0;0;1;2.0
213;100;2156;0;2;1;0;1.0
214;2020;2409;0;0;2;2;1.0
215;3627;4207;1;0;0;3;2.0
216;2045;1065;0;0;1;11;0.0
217;2803;6154;0;2;0;0;1.0
218;1736;3749;2;1;0;0;1.0
219;2298;4008;1;0;0;0;0.0
220;4207;100;1;1;0;0;1.0
221;2409;2690;0;0;3;1;1.0
222;3029;9495;0;3;2;0;2.0
223;3029;1736;0;3;1;0;0.0
224;6154;2045;0;0;1;0;0.0
225;1065;3627;0;0;0;1;2.0
226;2156;2298;0;0;1;0;0.0
227;3054;2803;1;1;0;0;0.0
228;2020;100;1;1;0;0;1.0
229;3749;4008;0;0;1;0;2.0
230;2690;4207;0;2;2;0;2.0
231;4008;1065;1;0;0;1;1.0
232;100;2156;0;0;1;0;0.0
233;2803;2020;0;2;0;0;2.0
234;100;3029;0;0;1;3;0.0
235;1736;2298;0;0;0;0;2.0
236;2045;2409;0;1;0;0;2.0
237;3029;3749;0;0;0;2;1.0
238;3627;3054;1;0;0;0;1.0
239;9495;6154;4;0;0;0;1.0
240;2409;3029;2;1;0;0;1.0
241;2045;9495;0;5;1;0;0.0
242;2298;100;1;0;0;0;0.0
243;1065;2803;0;0;2;1;2.0
244;3029;1736;0;0;0;1;0.0
245;2020;2690;3;0;0;3;1.0
246;6154;3627;0;2;1;0;0.0
247;2156;3749;0;0;0;3;1.0
248;3054;100;0;0;1;0;1.0
249;4207;4008;3;2;0;0;2.0
250;2803;2156;1;1;0;0;0.0
251;1736;6154;0;0;0;0;2.0
252;4008;3029;3;0;0;0;2.0
253;4207;1065;0;0;1;3;1.0
254;2690;3029;0;0;4;1;1.0
255;100;2409;0;3;0;0;0.0
256;3627;2045;0;0;0;0;0.0
257;3749;3054;0;1;4;0;0.0
258;100;2020;0;4;1;0;1.0
259;9495;2298;0;0;1;0;1.0
260;2020;4008;0;0;1;1;2.0
261;9495;100;1;0;0;0;1.0
262;3029;3627;0;0;2;0;1.0
263;1065;100;0;1;4;0;2.0
264;2156;2690;0;1;0;0;2.0
265;2409;3054;0;0;0;0;0.0
266;2045;1736;0;0;0;1;2.0
267;3029;4207;1;1;0;0;2.0
268;2298;2803;0;0;1;0;0.0
269;6154;3749;2;0;0;0;1.0
270;4008;2045;1;0;0;1;0.0
271;2803;2409;0;0;0;0;1.0
272;3054;2156;0;0;0;1;1.0
273;2690;3029;2;0;0;1;1.0
274;100;1065;0;0;1;5;1.0
275;1736;2020;1;0;0;2;1.0
276;3749;2298;0;0;1;0;0.0
277;100;3029;2;1;0;0;1.0
278;4207;6154;2;3;0;0;1.0
380;14695;1880;-1;-1;-1;-1;1.0
381;2705;10390;-1;-1;-1;-1;2.0
382;3781;2956;-1;-1;-1;-1;1.0
383;4146;3982;-1;-1;-1;-1;0.0
384;2817;2512;-1;-1;-1;-1;2.0
385;2482;3883;-1;-1;-1;-1;0.0
386;6821;1553;-1;-1;-1;-1;1.0
387;5188;7311;-1;-1;-1;-1;0.0
388;3890;7938;-1;-1;-1;-1;2.0
389;7151;8832;-1;-1;-1;-1;1.0
390;7938;3781;1;1;0;0;1.0
391;1553;2482;0;0;1;0;2.0
392;3982;2817;0;0;0;1;1.0
393;1880;3890;0;0;1;1;1.0
394;2956;14695;0;1;1;0;2.0
395;2512;2705;1;0;0;1;0.0
396;10390;6821;1;1;0;0;0.0
397;3883;4146;0;0;0;0;1.0
398;8832;5188;0;0;1;0;0.0
399;7311;7151;0;1;0;0;0.0
400;1553;3982;0;1;2;0;1.0
401;1880;8832;1;0;0;0;2.0
402;7151;4146;0;0;0;1;2.0
403;3883;5188;1;0;0;0;2.0
404;2512;2956;0;0;0;2;2.0
405;2817;2705;0;0;2;0;2.0
406;14695;7938;2;2;0;0;1.0
407;2482;10390;1;0;0;0;2.0
408;7311;3781;0;0;0;1;0.0
409;6821;3890;0;0;0;2;2.0
410;2956;7151;1;0;0;1;0.0
411;10390;2512;1;0;0;1;1.0
412;3890;2817;1;0;0;3;0.0
413;8832;3883;1;0;0;1;0.0
414;5188;2482;1;0;0;1;1.0
415;2705;1880;1;0;0;1;1.0
416;4146;1553;1;1;0;0;1.0
417;3781;14695;0;3;0;0;2.0
418;3982;7311;0;0;1;0;1.0
419;7938;6821;0;0;1;1;0.0
420;14695;3890;4;0;0;0;1.0
421;7311;8832;0;0;1;0;2.0
422;6821;4146;0;2;0;0;1.0
423;7151;5188;0;2;0;0;1.0
424;3883;2956;0;0;0;0;2.0
425;2512;3781;0;0;2;1;0.0
426;1880;10390;0;2;2;0;1.0
427;2482;3982;0;1;2;0;1.0
428;2817;7938;0;0;0;0;0.0
429;1553;2705;0;2;1;0;0.0
430;2956;2482;1;1;0;0;2.0
431;5188;6821;0;0;1;0;1.0
432;10390;2817;1;0;0;0;1.0
433;3982;3883;0;0;1;1;2.0
434;3781;1880;0;1;0;0;1.0
435;3890;2512;0;0;1;0;0.0
436;2705;7151;0;1;0;0;1.0
437;4146;7311;0;0;1;2;0.0
438;7938;1553;0;0;0;0;1.0
439;8832;14695;0;0;1;1;2.0
440;3883;14695;1;1;0;0;2.0
441;7311;2817;0;0;0;1;1.0
442;1553;3781;0;1;1;0;0.0
443;8832;2512;0;0;2;0;1.0
444;6821;2956;0;0;1;1;1.0
445;4146;1880;0;0;0;1;1.0
446;2482;2705;2;1;0;0;0.0
447;3982;10390;0;2;2;0;2.0
448;5188;3890;1;0;0;0;1.0
449;7151;7938;0;1;1;0;0.0
450;2512;6821;0;0;1;1;1.0
451;14695;5188;3;2;0;0;1.0
452;1880;1553;0;0;2;0;2.0
453;3781;3982;0;0;0;3;1.0
454;2817;3883;0;0;2;1;0.0
455;2705;4146;0;1;0;0;2.0
456;10390;7311;4;1;0;0;2.0
457;7938;2482;0;0;0;0;1.0
458;2956;8832;0;2;2;0;2.0
459;3890;7151;0;0;1;0;1.0
460;3982;2705;0;0;4;1;1.0
461;7311;2956;2;0;0;3;0.0
462;1553;2512;1;1;0;0;1.0
463;8832;3890;3;1;0;0;1.0
464;6821;2817;0;0;2;0;0.0
465;5188;3781;0;1;1;0;1.0
466;2482;1880;0;0;1;3;0.0
467;4146;10390;2;0;0;1;2.0
468;7151;14695;0;4;1;0;0.0
469;3883;7938;0;1;0;0;1.0
470;2956;5188;0;1;0;0;2.0
471;10390;1553;2;2;0;0;1.0
472;2705;3883;0;1;2;0;0.0
473;2512;3982;0;1;1;0;1.0
474;2817;2482;0;0;0;0;0.0
475;3781;8832;0;5;1;0;2.0
476;3890;7311;0;0;1;0;0.0
477;14695;6821;1;1;0;0;1.0
478;7938;4146;0;0;1;1;0.0
479;1880;7151;0;0;0;0;2.0
480;2482;7151;0;1;0;0;1.0
481;2512;1880;1;0;0;1;1.0
482;1553;14695;0;2;1;0;2.0
483;10390;2956;3;0;0;1;1.0
484;7938;7311;0;0;0;0;0.0
485;3883;3781;0;0;0;2;1.0
486;2705;3890;0;0;0;0;2.0
487;2817;8832;0;6;0;0;2.0
488;4146;5188;0;2;0;0;2.0
489;3982;6821;0;0;1;1;0.0
490;1880;2817;0;0;2;1;2.0
491;8832;4146;0;0;0;1;1.0
492;3890;2482;1;1;0;0;1.0
493;6821;3883;1;1;0;0;0.0
494;3781;2705;0;0;3;1;1.0
495;2956;3982;0;0;2;0;2.0
496;5188;7938;3;0;0;0;1.0
497;7311;1553;0;0;0;2;1.0
498;7151;2512;0;2;1;0;1.0
499;14695;10390;4;0;0;0;1.0
500;2705;6821;0;0;2;0;2.0
501;7938;2956;0;0;1;3;0.0
502;3982;1880;1;0;0;3;2.0
503;4146;14695;0;5;2;0;2.0
504;2512;5188;0;4;1;0;2.0
505;2817;3781;1;1;0;0;2.0
506;2482;7311;0;1;1;0;2.0
507;10390;8832;0;1;1;0;1.0
508;3883;7151;0;1;0;0;0.0
509;1553;3890;0;2;3;0;1.0
510;3890;10390;0;0;1;0;0.0
511;14695;2512;0;0;0;2;1.0
512;8832;2705;0;0;0;3;2.0
513;6821;2482;2;0;0;2;1.0
514;3781;4146;2;0;0;3;2.0
515;2956;2817;0;0;0;1;1.0
516;7311;3883;2;0;0;0;0.0
517;1880;7938;1;0;0;0;0.0
518;7151;1553;0;1;0;0;0.0
519;5188;3982;5;0;0;1;1.0
520;4146;2482;1;0;0;3;1.0
521;3781;10390;0;0;1;0;2.0
522;7311;2705;0;1;0;0;1.0
523;7151;6821;0;3;0;0;1.0
524;5188;2817;6;0;0;2;1.0
525;8832;1553;0;0;1;0;1.0
526;2956;1880;1;0;0;0;1.0
527;14695;3982;1;0;0;2;1.0
528;3883;3890;0;0;0;0;2.0
529;7938;2512;0;0;0;3;2.0
530;3982;8832;0;1;3;0;1.0
531;6821;3781;0;0;1;2;1.0
532;2817;4146;0;2;3;0;0.0
533;2482;14695;0;2;4;0;2.0
534;10390;7151;1;1;0;0;2.0
535;1553;5188;0;7;1;0;2.0
536;3890;2956;1;2;0;0;1.0
537;1880;3883;0;0;1;1;2.0
538;2512;7311;1;1;0;0;0.0
539;2705;7938;0;0;1;1;2.0
540;14695;2817;4;0;0;0;1.0
541;8832;2482;1;0;0;5;2.0
542;3883;1553;1;0;0;2;1.0
543;5188;1880;8;0;0;2;0.0
544;3781;3890;0;2;3;0;1.0
545;2956;2705;0;0;1;2;2.0
546;7311;6821;0;0;0;1;2.0
547;7151;3982;2;1;0;0;0.0
548;7938;10390;1;1;0;0;2.0
549;4146;2512;0;0;0;0;0.0
550;3982;7938;0;0;0;1;0.0
551;1553;2956;0;0;3;2;2.0
552;3890;4146;0;0;1;0;1.0
553;1880;7311;0;0;0;1;2.0
554;2512;3883;0;2;0;0;2.0
555;2482;3781;1;1;0;0;2.0
556;10390;5188;2;0;0;0;1.0
557;2817;7151;0;0;1;0;1.0
558;6821;8832;1;0;0;1;2.0
559;6821;2512;0;0;1;1;1.0
560;1553;1880;0;0;4;1;1.0
561;8832;2956;1;1;0;0;2.0
562;3982;3781;0;2;0;0;1.0
563;3883;2817;3;1;0;0;0.0
564;4146;2705;0;1;1;0;1.0
565;2482;7938;0;0;1;0;0.0
566;7151;3890;0;1;1;0;1.0
567;5188;14695;0;5;1;0;2.0
568;7311;10390;1;3;0;0;1.0
569;2512;2482;0;0;2;0;1.0
570;3890;3982;0;1;1;0;2.0
571;2956;4146;2;1;0;0;0.0
572;2817;1553;0;1;0;0;1.0
573;1880;6821;0;1;2;0;0.0
574;2705;5188;0;0;1;2;2.0
575;3781;7151;0;1;1;0;2.0
576;7938;8832;0;0;0;1;2.0
577;14695;7311;6;2;0;0;1.0
578;10390;3883;0;0;1;0;1.0
579;3781;1553;0;0;2;1;2.0
580;2512;8832;1;1;0;0;0.0
581;3890;5188;0;1;2;0;2.0
582;2956;6821;0;0;0;0;1.0
583;2817;7311;1;0;0;1;1.0
584;10390;3982;1;2;0;0;1.0
585;1880;4146;0;0;0;0;0.0
586;2705;2482;0;0;2;1;1.0
587;7938;7151;0;2;1;0;1.0
588;14695;3883;7;0;0;1;1.0
589;3883;2705;0;1;2;0;1.0
590;4146;7938;0;1;0;0;0.0
591;7311;3890;0;0;2;3;0.0
592;8832;3781;0;0;0;3;1.0
593;3982;2512;0;0;1;0;1.0
594;7151;1880;0;0;1;0;1.0
595;5188;2956;2;1;0;0;2.0
596;6821;14695;0;8;1;0;2.0
597;2482;2817;0;2;2;0;2.0
598;1553;10390;1;2;0;0;2.0
599;2817;6821;3;0;0;2;0.0
600;10390;4146;3;0;0;0;0.0
601;7938;3883;0;1;0;0;0.0
602;1880;2482;0;0;1;3;1.0
603;2705;3982;0;1;1;0;0.0
604;2956;7311;2;0;0;0;2.0
605;2512;1553;0;0;1;1;0.0
606;3890;8832;0;1;0;0;1.0
607;3781;5188;0;0;4;1;1.0
608;14695;7151;9;1;0;0;1.0
609;1553;2817;0;0;0;0;1.0
610;3982;3890;0;1;0;0;0.0
611;3883;10390;0;0;0;0;2.0
612;2482;2512;0;0;4;0;1.0
613;4146;2956;0;0;0;1;2.0
614;8832;7938;0;0;1;0;0.0
615;5188;2705;0;0;2;0;1.0
616;6821;1880;0;1;0;0;1.0
617;7151;3781;0;1;1;0;2.0
618;7311;14695;1;10;0;0;2.0
619;2705;14695;0;11;1;0;2.0
620;5188;8832;1;0;0;0;0.0
621;14695;2956;12;1;0;0;1.0
622;3890;1880;0;0;0;1;0.0
623;2705;2512;0;0;2;1;0.0
624;4146;3883;0;0;1;1;2.0
625;2817;3982;0;0;1;0;2.0
626;2482;1553;1;1;0;0;1.0
627;7151;7311;0;0;2;1;0.0
628;3781;7938;2;0;0;0;0.0
629;6821;10390;1;1;0;0;1.0
630;3982;4146;1;0;0;2;1.0
631;2512;2817;0;0;0;2;0.0
632;3883;2482;1;2;0;0;1.0
633;7311;5188;0;0;0;0;0.0
634;2956;3781;0;0;1;0;2.0
635;1880;14695;0;13;0;0;2.0
636;1553;6821;0;2;1;0;2.0
637;7938;3890;0;0;0;0;1.0
638;8832;7151;0;0;0;0;2.0
639;10390;2705;0;0;1;0;1.0
640;8832;6821;0;0;1;1;1.0
641;3883;2512;2;0;0;0;0.0
642;3781;2482;1;0;0;1;1.0
643;2956;1553;0;0;2;2;1.0
644;4146;3890;0;0;3;1;1.0
645;5188;10390;0;1;0;0;2.0
646;7311;1880;0;0;0;1;1.0
647;7151;2817;1;0;0;0;1.0
648;7938;3982;1;2;0;0;1.0
649;14695;2705;0;0;1;1;1.0
650;1880;5188;0;0;2;1;1.0
651;2512;4146;0;1;0;0;2.0
653;3890;3781;0;2;2;0;0.0
654;2705;2956;0;1;2;0;1.0
655;2482;8832;0;0;2;1;0.0
656;2817;14695;0;1;1;0;1.0
657;6821;7311;0;1;2;0;2.0
658;3982;7151;0;2;1;0;0.0
659;14695;2482;0;0;1;0;1.0
660;7311;2512;2;0;0;1;0.0
661;7938;2705;2;1;0;0;1.0
662;3883;1880;0;1;0;0;1.0
663;2956;3890;0;0;1;0;2.0
664;4146;2817;2;1;0;0;1.0
665;3781;6821;0;0;0;3;0.0
666;8832;3982;0;0;0;0;1.0
667;7151;10390;0;3;0;0;1.0
668;5188;1553;0;0;2;3;1.0
760;6139;13105;-1;-1;-1;-1;1.0
761;4059;8949;-1;-1;-1;-1;2.0
762;9770;7427;-1;-1;-1;-1;0.0
763;2475;3861;-1;-1;-1;-1;1.0
764;5396;4803;-1;-1;-1;-1;0.0
765;100;3267;-1;-1;-1;-1;2.0
766;3663;4554;-1;-1;-1;-1;1.0
767;6273;7447;-1;-1;-1;-1;2.0
768;4257;4059;-1;-1;-1;-1;2.0
769;9329;7881;-1;-1;-1;-1;1.0
770;4803;7447;0;1;0;0;2.0
771;4554;5396;0;0;1;0;1.0
772;3267;3861;1;0;0;1;0.0
773;8949;4059;1;1;0;0;0.0
774;7881;6139;0;1;1;0;0.0
775;4059;9770;0;0;1;0;1.0
776;2475;7427;1;0;0;0;2.0
777;3663;6273;1;0;0;1;0.0
778;100;9329;0;1;1;0;2.0
779;13105;4257;0;0;1;1;1.0
780;7447;4059;2;1;0;0;0.0
781;6139;7427;0;1;0;0;1.0
782;3267;13105;0;1;0;0;0.0
783;4554;4059;1;0;0;0;1.0
784;7881;3663;0;0;0;0;0.0
785;4257;100;0;0;2;2;1.0
786;9770;2475;0;0;1;1;1.0
787;9329;3861;2;0;0;0;1.0
788;6273;4803;0;0;0;1;2.0
789;5396;8949;0;0;1;0;0.0
790;2475;6139;0;1;2;0;0.0
791;8949;4554;0;2;0;0;1.0
792;100;5396;0;0;3;0;2.0
793;7427;9329;0;3;1;0;1.0
794;13105;9770;0;1;0;0;1.0
795;3861;6273;0;0;1;1;2.0
796;3663;7447;0;0;0;0;2.0
797;4059;4803;0;1;0;0;2.0
798;4059;3267;0;0;1;0;0.0
799;4257;7881;1;0;0;0;0.0
800;3267;4257;0;0;0;0;0.0
801;5396;4059;1;0;0;0;1.0
802;4554;3861;0;0;1;2;0.0
803;9329;4059;0;0;0;1;0.0
804;4803;13105;2;0;0;0;1.0
805;7881;2475;0;0;0;0;1.0
806;6273;7427;1;1;0;0;2.0
807;9770;100;1;0;0;4;0.0
808;6139;3663;0;0;0;1;1.0
809;7447;8949;1;0;0;1;2.0
810;4059;4803;0;3;1;0;0.0
811;4257;4554;0;0;0;0;1.0
812;13105;5396;0;2;1;0;1.0
813;2475;9329;0;0;1;0;2.0
814;100;6139;0;1;0;0;0.0
815;9770;7881;0;1;0;0;0.0
816;8949;3267;1;0;0;0;1.0
817;3861;7447;0;0;0;1;1.0
818;4059;6273;0;0;0;1;0.0
819;7427;3663;2;0;0;2;1.0
820;5396;4257;0;1;1;0;1.0
821;6139;9770;0;0;0;0;2.0
822;7881;13105;0;1;0;0;2.0
823;4803;100;0;0;0;0;1.0
824;9329;8949;1;2;0;0;0.0
825;6273;4059;0;0;0;0;2.0
826;3861;4059;1;0;0;0;1.0
827;3663;2475;0;0;3;2;1.0
828;4554;3267;0;0;1;1;0.0
829;7447;7427;0;3;2;0;1.0
830;4257;3861;0;2;1;0;0.0
831;100;4554;0;0;1;0;2.0
832;8949;4803;0;1;0;0;1.0
833;9770;3663;0;1;1;0;1.0
834;3267;5396;0;1;0;0;1.0
835;2475;6273;0;0;3;1;1.0
836;4059;6139;0;0;1;1;1.0
837;4059;9329;1;1;0;0;0.0
838;7427;7881;0;0;1;1;2.0
839;13105;7447;3;1;0;0;1.0
840;4803;3267;0;1;1;0;1.0
841;3861;13105;0;4;0;0;2.0
842;9329;9770;0;1;0;0;0.0
843;7881;100;1;0;0;2;1.0
844;2475;8949;1;1;0;0;1.0
845;3663;4059;0;1;1;0;1.0
846;7427;4257;0;0;2;0;1.0
847;6273;5396;0;0;2;1;2.0
848;6139;4059;0;0;2;0;0.0
849;7447;4554;0;1;1;0;1.0
850;5396;3663;1;1;0;0;1.0
851;100;2475;0;2;3;0;1.0
852;4059;3861;0;0;0;1;1.0
853;9329;6139;1;0;0;0;1.0
854;4059;7427;0;1;1;0;2.0
855;4803;4257;1;0;0;1;1.0
856;4554;6273;0;0;1;3;2.0
857;7447;7881;1;2;0;0;1.0
858;3267;9770;0;0;1;0;1.0
859;3663;9329;0;2;1;0;0.0
860;13105;4059;6;1;0;0;1.0
861;9770;7447;0;2;1;0;0.0
862;7427;4554;2;0;0;2;2.0
863;6139;6273;0;1;1;0;1.0
864;4257;4059;0;0;2;2;1.0
865;8949;100;1;1;0;0;1.0
866;2475;3267;0;1;1;0;0.0
867;3861;5396;0;2;2;0;1.0
868;7881;4803;0;2;1;0;1.0
869;6273;9770;0;0;1;0;2.0
870;4554;13105;1;7;0;0;1.0
871;7447;9329;0;0;0;0;0.0
872;8949;4257;2;1;0;0;0.0
873;4059;2475;0;0;1;0;1.0
874;5396;6139;0;1;1;0;0.0
875;3267;3663;0;0;0;0;1.0
876;4059;7881;0;1;3;0;2.0
877;100;3861;0;1;1;0;2.0
878;4803;7427;0;0;1;1;2.0
879;7427;100;1;0;0;2;0.0
880;3663;4059;0;1;1;0;1.0
881;9770;4803;2;0;0;2;1.0
882;3861;8949;2;1;0;0;2.0
883;13105;4059;0;0;0;4;1.0
884;2475;5396;0;0;1;0;1.0
885;6139;4554;0;2;0;0;1.0
886;9329;6273;0;0;1;2;1.0
887;7881;3267;2;1;0;0;0.0
888;4257;7447;0;0;0;0;2.0
889;4554;2475;0;1;1;0;1.0
890;100;13105;0;1;0;0;2.0
891;4257;9770;0;3;1;0;1.0
892;4803;9329;0;1;3;0;0.0
893;8949;7427;2;0;0;0;1.0
894;6273;7881;0;0;3;0;0.0
895;3267;6139;0;1;0;0;2.0
896;3861;3663;0;1;1;0;2.0
897;5396;4059;0;0;1;5;2.0
898;4059;7447;0;1;1;0;2.0
899;4059;4059;1;0;0;2;0.0
900;3663;8949;2;0;0;0;2.0
901;7427;3861;0;0;1;2;1.0
902;2475;4257;0;1;1;0;2.0
903;9770;5396;0;0;0;2;1.0
904;7447;100;2;0;0;1;1.0
905;6139;4803;2;0;0;0;1.0
906;6273;3267;0;0;0;1;2.0
907;7881;4554;0;1;0;0;1.0
908;9329;13105;0;3;1;0;2.0
909;5396;9329;0;0;3;2;0.0
910;8949;6273;1;0;0;1;1.0
911;4803;3663;0;0;1;1;1.0
912;4554;9770;0;1;1;0;2.0
913;13105;2475;4;0;0;2;1.0
914;3861;7881;0;1;3;0;2.0
915;4257;6139;2;3;0;0;1.0
916;4059;7427;0;1;0;0;0.0
917;100;4059;0;0;2;0;1.0
918;3267;7447;1;3;0;0;0.0
919;3663;100;0;1;2;0;0.0
920;4803;4554;1;0;0;2;2.0
921;7427;13105;0;6;0;0;0.0
922;6139;3861;0;0;1;4;0.0
923;9329;3267;1;0;0;0;1.0
924;7881;4059;2;0;0;0;1.0
925;4059;2475;0;0;1;3;0.0
926;6273;4257;0;3;2;0;0.0
927;7447;5396;0;0;0;0;2.0
928;9770;8949;3;3;0;0;0.0
929;13105;8949;0;0;0;0;0.0
930;3861;4803;0;0;0;1;1.0
931;2475;7447;0;0;0;1;2.0
932;13105;3663;0;0;0;0;1.0
933;5396;7881;1;3;0;0;1.0
934;4059;9770;0;0;1;0;0.0
935;100;6273;0;0;0;0;1.0
936;3267;7427;0;0;1;0;2.0
937;4257;9329;0;2;0;0;2.0
938;4554;4059;1;0;0;0;1.0
939;8949;6139;0;0;0;0;0.0
940;4059;100;0;1;0;0;0.0
941;7447;6139;1;0;0;0;0.0
942;9770;3861;0;1;0;0;1.0
943;7881;8949;0;0;1;0;2.0
944;9329;4554;3;2;0;0;1.0
945;6273;13105;0;1;1;0;0.0
946;4803;2475;0;0;2;1;1.0
947;7427;5396;1;2;0;0;2.0
948;3663;4257;0;0;1;1;0.0
949;4059;3267;0;0;1;2;0.0
950;100;7881;0;0;0;2;2.0
951;4554;3663;0;0;1;0;2.0
952;8949;7447;1;0;0;0;1.0
953;3267;4059;0;0;0;0;0.0
954;3861;9329;0;4;1;0;1.0
955;2475;9770;0;1;2;0;1.0
956;4257;7427;0;0;0;1;1.0
957;5396;6273;3;0;0;0;2.0
958;6139;4059;0;0;0;0;0.0
959;13105;4803;0;1;0;0;1.0
960;3267;4554;0;0;0;2;1.0
961;6273;6139;1;0;0;0;0.0
962;9770;13105;0;1;1;0;1.0
963;3663;5396;1;0;0;1;2.0
964;7447;4803;0;0;1;1;1.0
965;9329;100;0;0;1;1;0.0
966;4059;3861;0;1;0;0;0.0
967;7881;4257;1;1;0;0;1.0
968;7427;2475;0;1;2;0;1.0
969;4059;8949;0;2;0;0;2.0
970;4803;6273;0;0;2;0;1.0
971;8949;9329;3;0;0;0;1.0
972;2475;4059;0;0;1;1;2.0
973;9770;4059;1;0;0;0;1.0
974;100;7427;0;1;0;0;1.0
975;3861;4257;0;0;0;1;0.0
976;6139;7881;0;2;0;0;2.0
977;7447;3663;1;0;0;1;0.0
978;5396;3267;1;1;0;0;1.0
979;13105;4554;0;0;1;3;1.0
980;3663;3861;0;0;0;0;1.0
981;4554;100;0;1;4;0;1.0
982;7881;9770;3;2;0;0;1.0
983;4059;5396;1;2;0;0;0.0
984;9329;4803;0;1;1;0;1.0
985;6273;2475;0;0;1;2;1.0
986;7427;6139;0;0;1;1;1.0
987;3267;8949;0;4;1;0;2.0
988;4059;7447;0;0;1;0;1.0
989;4257;13105;0;1;0;0;2.0
990;9770;9329;0;1;1;0;0.0
991;2475;3663;0;1;3;0;1.0
992;13105;7881;2;4;0;0;1.0
993;5396;4554;0;1;0;0;1.0
994;4803;4059;0;0;1;0;1.0
995;7447;6273;0;1;1;0;0.0
996;100;4257;0;0;1;1;0.0
997;6139;3267;0;0;2;2;2.0
998;8949;4059;5;1;0;0;0.0
999;4257;2475;0;1;0;0;0.0
1000;4059;100;0;0;0;0;1.0
1001;13105;3861;3;0;0;1;1.0
1002;7427;9770;1;0;0;1;1.0
1003;4554;8949;0;0;1;0;1.0
1004;3267;4803;1;1;0;0;2.0
1005;3663;6139;0;0;1;3;1.0
1006;4059;6273;0;0;1;0;1.0
1007;7881;7447;0;0;1;0;2.0
1008;9329;5396;1;1;0;0;1.0
1009;7427;4059;2;1;0;0;1.0
1010;3861;4554;0;1;2;0;1.0
1011;9770;4257;0;0;2;0;1.0
1012;100;3663;0;1;1;0;0.0
1013;4803;4059;2;1;0;0;0.0
1014;7447;3267;1;0;0;1;1.0
1015;6139;5396;0;0;4;1;1.0
1016;6273;9329;0;2;1;0;0.0
1017;2475;7881;0;0;0;2;2.0
1018;8949;13105;0;0;2;0;1.0
1019;3663;9770;0;1;0;0;0.0
1020;3861;2475;1;0;0;1;2.0
1021;9329;7447;0;2;0;0;0.0
1022;13105;7427;0;3;1;0;1.0
1023;7881;4059;1;0;0;0;0.0
1024;3267;6273;0;0;2;0;1.0
1025;4059;6139;0;1;1;0;2.0
1026;4554;4803;0;0;1;0;0.0
1027;5396;100;0;0;2;0;2.0
1028;4257;8949;0;1;1;0;1.0
1029;3861;7427;0;0;1;1;2.0
1140;100;9319;-1;-1;-1;-1;2.0
1141;2679;100;-1;-1;-1;-1;2.0
1142;3100;4490;-1;-1;-1;-1;1.0
1143;6735;1932;-1;-1;-1;-1;0.0
1144;2588;6846;-1;-1;-1;-1;2.0
1145;2866;1140;-1;-1;-1;-1;2.0
1146;3817;3086;-1;-1;-1;-1;1.0
1147;2280;100;-1;-1;-1;-1;0.0
1148;2242;7928;-1;-1;-1;-1;2.0
1149;9035;1781;-1;-1;-1;-1;1.0
1150;100;2242;0;0;0;1;1.0
1151;4490;1140;0;1;1;0;1.0
1152;9319;100;1;1;0;0;1.0
1153;6846;6735;1;0;0;0;0.0
1154;3100;100;1;0;0;1;2.0
1155;7928;3817;1;1;0;0;2.0
1156;2866;9035;0;1;1;0;2.0
1157;1932;2679;0;0;0;1;1.0
1158;3086;2588;0;0;1;1;1.0
1159;1781;2280;0;0;1;0;2.0
1160;2679;9319;0;2;2;0;0.0
1161;100;2588;0;0;1;2;1.0
1162;9035;3100;2;0;0;1;1.0
1163;1932;7928;1;0;0;1;2.0
1164;100;2866;1;0;0;2;2.0
1165;1140;100;0;1;1;0;2.0
1166;2242;6846;0;0;2;0;1.0
1167;6735;3086;0;1;0;0;1.0
1168;2280;4490;1;1;0;0;2.0
1169;3817;1781;2;0;0;2;2.0
1170;2866;1932;1;0;0;1;1.0
1171;3100;1140;0;0;2;2;2.0
1172;9319;2280;0;0;0;1;1.0
1173;4490;9035;2;0;0;0;2.0
1174;3086;2242;0;1;1;0;1.0
1175;2588;3817;0;0;3;1;1.0
1176;100;6735;2;1;0;0;2.0
1177;1781;100;1;2;0;0;2.0
1178;7928;2679;0;0;1;0;0.0
1179;6846;100;0;0;1;1;1.0
1180;2280;3100;0;0;2;3;0.0
1181;1140;9319;1;1;0;0;2.0
1182;6735;7928;2;0;0;0;2.0
1183;100;2866;3;2;0;0;2.0
1184;9035;6846;1;1;0;0;1.0
1185;2679;2588;0;1;0;0;1.0
1186;100;3086;0;1;2;0;1.0
1187;1932;100;0;0;2;1;0.0
1188;2242;1781;0;0;1;1;2.0
1189;3817;4490;0;0;2;1;1.0
1190;9319;2242;2;0;0;2;1.0
1191;2588;9035;0;2;1;0;2.0
1192;3086;7928;0;1;1;0;2.0
1193;100;1140;0;0;1;1;1.0
1194;6846;1932;0;0;1;0;1.0
1195;3100;100;0;0;0;0;1.0
1196;1781;6735;1;0;0;1;2.0
1197;2866;2280;3;0;0;0;0.0
1198;4490;2679;0;1;2;0;2.0
1199;100;3817;1;1;0;0;1.0
1200;2242;100;0;2;3;0;1.0
1201;2280;2588;0;0;0;2;1.0
1202;1932;4490;0;0;1;3;2.0
1203;2679;3100;2;1;0;0;1.0
1204;6735;2866;1;0;0;0;0.0
1205;7928;1781;0;0;1;1;1.0
1206;100;6846;0;1;1;0;0.0
1207;3817;100;0;0;1;0;0.0
1208;9035;9319;0;4;1;0;2.0
1209;6846;7928;0;1;0;0;0.0
1210;100;2280;0;1;0;0;1.0
1211;9319;100;5;0;0;0;1.0
1212;3086;9035;0;0;2;2;2.0
1213;3100;3817;0;0;1;0;1.0
1214;2588;6735;0;0;3;0;0.0
1215;2866;2242;0;1;0;0;1.0
1216;100;1932;0;0;1;2;1.0
1217;4490;1781;1;0;0;2;0.0
1218;1140;2679;0;3;2;0;0.0
1219;2280;3086;0;0;1;3;2.0
1220;1781;9319;0;7;0;0;0.0
1221;9035;100;2;1;0;0;0.0
1222;1932;1140;0;0;3;0;1.0
1223;100;2588;0;0;1;0;1.0
1224;7928;3100;0;1;1;0;1.0
1225;3817;2866;0;1;1;0;0.0
1226;2242;100;0;2;1;0;0.0
1227;6735;4490;0;0;0;0;1.0
1228;2679;6846;0;0;0;0;2.0
1229;100;2280;0;0;0;2;2.0
1230;1140;9035;0;0;1;0;2.0
1231;100;7928;0;1;0;0;0.0
1232;9319;1932;0;1;0;0;1.0
1233;6846;3817;1;0;0;0;1.0
1234;3100;6735;0;1;1;0;2.0
1235;2588;1781;0;0;1;0;0.0
1236;2866;100;0;1;0;0;1.0
1237;3086;2679;1;0;0;1;2.0
1238;4490;2242;0;0;1;0;1.0
1239;6735;100;2;0;0;0;1.0
1240;100;9035;0;1;1;0;2.0
1241;3817;9319;0;1;1;0;2.0
1242;7928;2866;0;1;0;0;2.0
1243;1932;3100;0;0;1;2;2.0
1244;2280;1140;1;0;0;2;1.0
1245;1781;3086;0;0;0;1;0.0
1246;2679;100;1;0;0;1;0.0
1247;4490;6846;1;2;0;0;2.0
1248;2242;2588;0;0;1;0;2.0
1249;3086;100;0;0;0;2;1.0
1250;1140;3817;0;0;3;2;2.0
1251;9035;2280;0;2;1;0;1.0
1252;100;1932;0;0;0;2;0.0
1253;2866;2679;2;0;0;0;1.0
1254;6846;1781;3;0;0;0;1.0
1255;3100;2242;1;0;0;2;0.0
1256;2588;7928;1;0;0;0;0.0
1257;100;6735;0;3;0;0;1.0
1258;9319;4490;3;0;0;1;1.0
1259;7928;9319;0;4;0;0;2.0
1260;4490;100;0;0;2;0;0.0
1261;3817;9035;1;1;0;0;2.0
1262;100;100;0;1;3;0;0.0
1263;6735;1140;0;0;1;4;1.0
1264;2280;2679;0;0;1;1;1.0
1265;3086;6846;1;4;0;0;2.0
1266;2588;3100;0;0;0;0;1.0
1267;1781;2866;0;3;1;0;0.0
1268;2242;1932;0;0;0;0;0.0
1269;1140;7928;0;1;5;0;2.0
1270;1932;3817;0;0;0;1;2.0
1271;2679;1781;0;0;2;0;2.0
1272;9319;3086;6;0;0;1;0.0
1273;9035;2242;3;0;0;0;1.0
1274;6846;3100;5;0;0;1;1.0
1275;100;4490;0;0;0;0;2.0
1276;100;100;0;0;0;0;2.0
1277;2280;6735;1;1;0;0;2.0
1278;2866;2588;0;1;0;0;1.0
1279;9035;6735;4;2;0;0;0.0
1280;7928;2280;2;0;0;1;1.0
1281;3100;100;0;0;2;1;0.0
1282;6846;9319;6;0;0;0;1.0
1283;1781;1932;1;0;0;1;0.0
1284;3817;2679;1;0;0;3;1.0
1285;3086;2866;0;1;0;0;0.0
1286;2242;1140;0;0;1;6;2.0
1287;2588;100;0;0;1;1;2.0
1288;100;4490;1;1;0;0;2.0
1289;1140;1781;1;0;0;0;1.0
1290;100;100;1;1;0;0;2.0
1291;1932;2588;0;0;0;2;2.0
1292;2280;3817;0;2;2;0;0.0
1293;9319;3100;1;0;0;0;1.0
1294;4490;3086;2;0;0;0;0.0
1295;100;7928;0;4;1;0;1.0
1296;6735;2242;0;0;0;2;1.0
1297;2679;9035;0;0;4;1;0.0
1298;2866;6846;0;7;0;0;2.0
1299;2588;9319;1;2;0;0;2.0
1300;1140;3086;2;0;0;0;2.0
1301;2679;6735;0;1;0;0;2.0
1302;3100;2866;0;0;1;1;1.0
1303;9035;1932;0;0;0;1;1.0
1304;3817;2242;0;0;0;3;2.0
1305;7928;4490;0;0;1;0;1.0
1306;100;1140;2;0;0;1;0.0
1307;1781;100;0;1;1;0;2.0
1308;3086;100;1;0;0;1;2.0
1309;1140;6846;0;8;0;0;2.0
1310;2242;2280;1;0;0;0;2.0
1311;1932;3086;0;0;2;1;1.0
1312;6735;3817;2;0;0;1;2.0
1313;100;2679;2;0;0;1;0.0
1314;9319;2866;3;0;0;2;1.0
1315;4490;2588;0;0;1;1;0.0
1316;7928;100;1;0;0;0;1.0
1317;1781;3100;0;1;2;0;2.0
1318;100;9035;1;1;0;0;2.0
1319;2866;4490;0;0;3;0;2.0
1320;6846;100;9;0;0;1;1.0
1321;9035;7928;2;2;0;0;0.0
1322;3100;3086;2;0;0;2;1.0
1323;2679;2242;0;0;0;1;1.0
1324;2588;1140;0;0;0;1;1.0
1325;3817;100;1;0;0;0;1.0
1326;2280;1932;1;1;0;0;1.0
1327;6735;9319;0;4;1;0;2.0
1328;100;1781;0;0;1;3;1.0
1329;6846;2588;10;1;0;0;1.0
1330;3086;3817;0;2;3;0;1.0
1331;100;2679;0;1;2;0;2.0
1332;4490;3100;1;3;0;0;1.0
1333;100;2280;0;2;1;0;0.0
1334;1140;2866;0;0;2;4;0.0
1335;1781;9035;0;0;4;0;0.0
1336;1932;6735;0;0;1;2;2.0
1337;9319;100;5;1;0;0;1.0
1338;7928;2242;0;0;0;2;2.0
1339;1140;4490;0;2;0;0;2.0
1340;2242;100;1;0;0;0;2.0
1341;2679;1932;2;0;0;2;0.0
1342;3817;7928;0;0;1;1;2.0
1343;9035;2866;0;0;0;0;0.0
1344;100;3100;0;0;1;1;1.0
1345;2588;3086;0;1;1;0;0.0
1346;2280;1781;0;0;0;0;1.0
1347;6735;6846;1;11;0;0;0.0
1348;100;9319;0;6;3;0;1.0
1349;100;1140;1;0;0;1;1.0
1350;2866;100;0;1;0;0;0.0
1351;3086;6735;0;0;0;0;1.0
1352;9319;2679;0;0;1;0;1.0
1353;6846;2242;0;0;0;1;1.0
1354;4490;2280;3;1;0;0;0.0
1355;7928;1932;1;0;0;0;0.0
1356;1781;3817;0;0;1;2;1.0
1357;3100;9035;0;0;2;0;2.0
1358;2588;100;0;1;0;0;2.0
1359;6846;2280;1;0;0;0;0.0
1360;6735;100;0;2;1;0;2.0
1361;2679;7928;0;0;1;0;2.0
1362;3817;2588;0;0;3;1;2.0
1363;2280;9319;0;1;0;0;1.0
1364;2242;3086;0;1;2;0;2.0
1365;100;1781;2;1;0;0;2.0
1366;1932;2866;0;0;0;0;1.0
1367;1140;3100;0;0;2;3;0.0
1368;100;6846;0;0;0;0;2.0
1369;9035;4490;1;0;0;0;1.0
1370;1781;2242;2;0;0;3;1.0
1371;100;1932;3;1;0;0;2.0
1372;7928;6735;1;0;0;2;1.0
1373;3100;2280;0;1;0;0;0.0
1374;9319;1140;0;0;1;0;1.0
1375;2588;2679;1;0;0;2;2.0
1376;3086;100;2;0;0;1;2.0
1377;2866;100;0;0;1;1;2.0
1378;6846;9035;1;2;0;0;1.0
1379;4490;3817;0;0;1;4;1.0
1380;1140;100;0;1;1;0;2.0
1381;100;3100;0;0;1;0;0.0
1382;2242;9319;0;1;4;0;2.0
1383;2679;4490;1;1;0;0;0.0
1384;1932;6846;2;2;0;0;2.0
1385;6735;1781;0;3;3;0;1.0
1387;6846;100;3;0;0;0;1.0
1388;100;3817;0;0;0;5;1.0
1389;1781;7928;0;3;1;0;2.0
1390;2866;6735;0;1;2;0;2.0
1391;100;2242;1;0;0;5;2.0
1392;4490;1932;0;0;0;1;2.0
1393;2588;2280;0;0;1;0;1.0
1394;3100;2679;0;0;0;0;0.0
1395;9319;9035;0;0;1;1;1.0
1396;3086;1140;0;0;1;2;1.0
1520;100;3507;0;0;0;0;2.0
1521;100;100;0;0;0;0;1.0
1522;100;3507;1;1;0;0;1.0
1523;1092;4858;-1;-1;-1;-1;1.0
1524;423;100;-1;-1;-1;-1;1.0
1525;178;100;-1;-1;-1;-1;2.0
1526;498;74;-1;-1;-1;-1;1.0
1527;63;5551;-1;-1;-1;-1;2.0
1528;603;100;-1;-1;-1;-1;0.0
1529;832;136;-1;-1;-1;-1;0.0
1530;100;100;-1;2;-1;0;0.0
1531;119;1054;-1;-1;-1;-1;0.0
1532;316;244;-1;-1;-1;-1;2.0
1533;890;2030;-1;-1;-1;-1;0.0
1534;1735;3545;-1;-1;-1;-1;1.0
1535;3493;210;-1;-1;-1;-1;0.0
1536;409;2769;-1;-1;-1;-1;2.0
1537;195;135;-1;-1;-1;-1;0.0
1538;100;651;-1;-1;-1;-1;2.0
1539;100;178;1;0;0;1;2.0
1540;244;316;1;0;0;1;2.0
1541;136;832;0;0;0;0;0.0
1542;74;498;0;1;1;0;0.0
1543;100;603;0;0;0;0;1.0
1544;100;100;0;0;0;0;2.0
1545;135;195;0;0;0;0;2.0
1546;100;423;0;1;1;0;1.0
1547;1054;119;0;0;0;0;1.0
1548;2769;409;1;0;0;1;1.0
1549;3545;1735;0;1;1;0;2.0
1550;4858;1092;0;1;1;0;1.0
1551;2030;890;0;0;0;0;2.0
1552;210;3493;0;0;0;0;1.0
1553;651;100;1;0;0;1;1.0
1554;5551;63;1;0;0;1;1.0
1555;2877;6497;-1;-1;-1;-1;0.0
1556;244;2478;0;-1;1;-1;2.0
1557;4032;100;-1;-1;-1;-1;1.0
1558;100;100;1;-1;0;-1;2.0
1559;210;3270;1;-1;0;-1;2.0
1560;890;2769;1;2;0;0;1.0
1561;1735;136;2;0;0;0;1.0
1562;4858;2302;1;-1;0;-1;1.0
1563;651;100;2;1;0;0;1.0
1564;195;1054;1;1;0;0;0.0
1565;100;498;1;0;0;0;1.0
1566;5551;178;2;1;0;0;1.0
1567;178;5551;0;3;1;0;2.0
1568;3270;210;1;0;0;1;1.0
1569;2302;4858;0;2;1;0;0.0
1570;136;1735;0;3;1;0;0.0
1571;100;4032;0;1;1;0;1.0
1572;2478;244;1;0;0;2;1.0
1573;6497;2877;0;0;0;0;1.0
1574;498;100;0;2;1;0;1.0
1575;2769;890;0;2;1;0;1.0
1577;1054;195;0;0;0;0;1.0
1578;100;100;1;0;0;1;1.0
1579;3270;1054;2;1;0;0;2.0
1580;3673;8164;-1;-1;-1;-1;0.0
1581;2478;1735;2;0;0;0;0.0
1582;8036;4168;-1;-1;-1;-1;1.0
1583;100;100;0;2;1;0;0.0
1584;5313;6206;-1;-1;-1;-1;2.0
1585;100;6497;-1;1;-1;0;2.0
1586;100;100;1;-1;0;-1;2.0
1587;4858;5551;0;4;0;0;0.0
1588;651;2769;3;1;0;0;2.0
1589;1054;3270;2;0;0;1;2.0
1590;2769;651;2;0;0;1;1.0
1591;4168;8036;0;1;1;0;0.0
1592;100;100;0;0;0;0;2.0
1593;1735;2478;0;0;0;0;2.0
1594;8164;3673;0;0;0;0;1.0
1595;6497;100;2;0;0;1;1.0
1596;100;100;1;0;0;1;1.0
1597;5551;4858;0;0;0;0;2.0
1598;6206;5313;1;0;0;1;2.0
1599;4858;3612;1;-1;0;-1;2.0
1600;3270;8164;1;1;0;0;0.0
1601;100;8036;2;0;0;0;2.0
1602;3132;100;-1;1;-1;0;0.0
1603;2478;2769;1;3;0;0;1.0
1604;6497;5313;3;1;0;0;1.0
1605;100;3132;0;0;0;0;0.0
1606;2769;2478;0;2;1;0;0.0
1607;5313;6497;0;4;1;0;2.0
1608;3612;4858;1;0;0;1;1.0
1609;8164;3270;0;0;0;0;1.0
1610;8036;100;1;0;0;1;1.0
1611;9035;3612;3;2;0;0;0.0
1612;6154;6351;0;-1;0;-1;0.0
1613;100;14695;1;5;0;0;1.0
1614;100;2929;-1;-1;-1;-1;1.0
1615;7276;13105;-1;1;-1;0;0.0
1616;6562;9221;-1;-1;-1;-1;2.0
1617;8832;9770;1;0;0;1;2.0
1618;8164;4207;1;1;0;0;1.0
1619;8036;3647;2;-1;0;-1;0.0
1620;6497;6821;5;1;0;0;0.0
1621;9495;8949;3;1;0;0;1.0
1622;10885;100;-1;0;-1;0;1.0
1623;100;10390;-1;0;-1;1;2.0
1624;2478;7928;0;1;0;0;1.0
1625;8083;100;-1;-1;-1;-1;2.0
1626;9329;9319;0;0;1;0;0.0
1627;8949;8036;0;0;0;0;0.0
1628;7928;100;2;0;0;1;2.0
1629;3647;9495;0;1;0;0;2.0
1630;6821;10885;1;1;0;0;2.0
1631;100;6497;0;0;1;0;1.0
1632;10390;2478;3;1;0;0;1.0
1633;9319;8083;3;0;0;1;1.0
1634;100;9329;1;0;0;0;2.0
1635;2929;100;0;1;1;0;0.0
1636;3612;7276;0;0;0;0;2.0
1637;14695;100;2;1;0;0;1.0
1638;13105;9035;2;3;0;0;1.0
1639;6351;6562;0;0;0;1;1.0
1640;9221;6154;1;0;0;1;2.0
1641;4207;8832;0;1;0;0;2.0
1642;9770;8164;1;2;0;0;2.0
1643;100;2478;1;0;0;1;0.0
1644;9329;8083;0;0;0;2;1.0
1645;3647;8949;0;0;1;1;2.0
1646;8036;9495;0;4;0;0;2.0
1647;6821;100;0;1;0;0;1.0
1648;6497;10885;0;2;1;0;2.0
1649;10390;7928;1;0;0;0;1.0
1650;9319;100;6;0;0;1;1.0
1651;9221;6351;0;1;1;0;1.0
1652;8164;8832;3;4;0;0;2.0
1653;100;100;0;1;1;0;2.0
1654;2929;14695;0;0;0;0;2.0
1655;9035;7276;1;1;0;0;1.0
1656;3612;13105;0;5;1;0;2.0
1657;6562;6154;0;0;2;0;1.0
1658;4207;9770;0;0;1;0;0.0
1659;13105;3612;0;0;1;2;0.0
1660;6351;9221;0;1;1;0;2.0
1661;14695;2929;3;0;0;1;1.0
1662;100;100;0;0;1;2;0.0
1663;7276;9035;0;2;1;0;1.0
1664;6154;6562;2;1;0;0;1.0
1665;8832;8164;7;0;0;1;0.0
1666;9770;4207;1;0;0;1;1.0
1667;10885;6497;3;0;0;2;1.0
1668;100;9319;0;2;2;0;2.0
1669;9495;8036;0;0;1;1;1.0
1670;8949;3647;0;0;0;2;1.0
1671;100;6821;0;0;1;0;2.0
1672;7928;10390;0;4;1;0;0.0
1673;2478;100;0;0;0;0;0.0
1674;8083;9329;0;0;3;0;1.0
1675;3647;8036;0;0;3;2;0.0
1676;100;8083;0;1;3;0;2.0
1677;8949;9495;3;3;0;0;0.0
1678;6821;6497;1;0;0;3;1.0
1679;100;10885;0;4;2;0;2.0
1680;10390;100;1;0;0;0;0.0
1681;7928;2478;0;0;1;0;1.0
1682;9319;9329;5;0;0;0;1.0
1683;6351;6154;0;1;2;0;1.0
1684;9770;8832;0;0;1;1;0.0
1685;14695;100;6;0;0;0;0.0
1686;2929;100;0;0;2;0;2.0
1687;13105;7276;2;1;0;0;1.0
1688;3612;9035;0;2;0;0;2.0
1689;9221;6562;2;0;0;1;0.0
1690;4207;8164;0;0;1;0;2.0
1691;100;2929;0;0;0;3;1.0
1692;100;14695;1;3;0;0;2.0
1693;7276;3612;0;0;1;1;1.0
1694;9035;13105;0;5;0;0;2.0
1695;6154;9221;1;0;0;0;0.0
1696;6562;6351;0;1;0;0;1.0
1697;8832;4207;0;3;1;0;1.0
1698;8164;9770;1;2;0;0;2.0
1699;100;7928;0;3;0;0;2.0
1700;2478;10390;0;0;1;1;2.0
1701;9495;3647;2;0;0;0;1.0
1702;8036;8949;0;2;0;0;2.0
1703;10885;6821;5;1;0;0;1.0
1704;6497;100;0;0;4;3;1.0
1705;8083;9319;2;0;0;1;2.0
1706;9329;100;0;0;0;4;1.0
1707;7276;9495;1;0;0;0;1.0
1708;9329;14695;0;14;0;0;1.0
1709;7928;9770;2;0;0;0;1.0
1710;6821;9221;3;0;0;0;2.0
1711;8832;10885;1;6;0;0;2.0
1712;100;13105;2;4;0;0;0.0
1713;8949;10390;0;2;1;0;2.0
1714;6154;9319;1;2;0;0;1.0
1715;9770;7928;0;4;0;0;2.0
1716;9221;6821;1;0;0;0;1.0
1717;9495;7276;2;2;0;0;1.0
1718;14695;9329;1;0;0;0;2.0
